time_step,method,feature_mode,num_pedestrians,num_clusters,raw_num_clusters,used_fallback,runtime_sec,window_size,beta,n_clusters_param,dist_threshold,vel_threshold,sigma_d,sigma_v
0,temporal_agglomerative,temporal_relation,29,3,3,0,0.009526968002319336,5,0.7,3,1.2,0.08,2.0,0.1
10,temporal_agglomerative,temporal_relation,30,3,3,0,0.005371809005737305,5,0.7,3,1.2,0.08,2.0,0.1
20,temporal_agglomerative,temporal_relation,31,3,3,0,0.005872488021850586,5,0.7,3,1.2,0.08,2.0,0.1
30,temporal_agglomerative,temporal_relation,32,3,3,0,0.0067441463470458984,5,0.7,3,1.2,0.08,2.0,0.1
40,temporal_agglomerative,temporal_relation,33,3,3,0,0.011607885360717773,5,0.7,3,1.2,0.08,2.0,0.1
50,temporal_agglomerative,temporal_relation,36,3,3,0,0.016363859176635742,5,0.7,3,1.2,0.08,2.0,0.1
60,temporal_agglomerative,temporal_relation,37,3,3,0,0.015536785125732422,5,0.7,3,1.2,0.08,2.0,0.1
70,temporal_agglomerative,temporal_relation,38,3,3,0,0.013682365417480469,5,0.7,3,1.2,0.08,2.0,0.1
80,temporal_agglomerative,temporal_relation,38,3,3,0,0.013213396072387695,5,0.7,3,1.2,0.08,2.0,0.1
90,temporal_agglomerative,temporal_relation,39,3,3,0,0.01295161247253418,5,0.7,3,1.2,0.08,2.0,0.1
100,temporal_agglomerative,temporal_relation,38,3,3,0,0.01024937629699707,5,0.7,3,1.2,0.08,2.0,0.1
110,temporal_agglomerative,temporal_relation,37,3,3,0,0.00987553596496582,5,0.7,3,1.2,0.08,2.0,0.1
120,temporal_agglomerative,temporal_relation,36,3,3,0,0.00935816764831543,5,0.7,3,1.2,0.08,2.0,0.1
130,temporal_agglomerative,temporal_relation,36,3,3,0,0.009446144104003906,5,0.7,3,1.2,0.08,2.0,0.1
140,temporal_agglomerative,temporal_relation,36,3,3,0,0.009251832962036133,5,0.7,3,1.2,0.08,2.0,0.1
150,temporal_agglomerative,temporal_relation,37,3,3,0,0.011638879776000977,5,0.7,3,1.2,0.08,2.0,0.1
160,temporal_agglomerative,temporal_relation,35,3,3,0,0.011926889419555664,5,0.7,3,1.2,0.08,2.0,0.1
170,temporal_agglomerative,temporal_relation,36,3,3,0,0.010411500930786133,5,0.7,3,1.2,0.08,2.0,0.1
180,temporal_agglomerative,temporal_relation,34,3,3,0,0.008201122283935547,5,0.7,3,1.2,0.08,2.0,0.1
190,temporal_agglomerative,temporal_relation,37,3,3,0,0.00923919677734375,5,0.7,3,1.2,0.08,2.0,0.1
200,temporal_agglomerative,temporal_relation,37,3,3,0,0.00949859619140625,5,0.7,3,1.2,0.08,2.0,0.1
210,temporal_agglomerative,temporal_relation,37,3,3,0,0.009639501571655273,5,0.7,3,1.2,0.08,2.0,0.1
220,temporal_agglomerative,temporal_relation,37,3,3,0,0.010773658752441406,5,0.7,3,1.2,0.08,2.0,0.1
230,temporal_agglomerative,temporal_relation,36,3,3,0,0.009182453155517578,5,0.7,3,1.2,0.08,2.0,0.1
240,temporal_agglomerative,temporal_relation,37,3,3,0,0.009416580200195312,5,0.7,3,1.2,0.08,2.0,0.1
250,temporal_agglomerative,temporal_relation,36,3,3,0,0.012371540069580078,5,0.7,3,1.2,0.08,2.0,0.1
260,temporal_agglomerative,temporal_relation,37,3,3,0,0.01337885856628418,5,0.7,3,1.2,0.08,2.0,0.1
270,temporal_agglomerative,temporal_relation,36,3,3,0,0.009484529495239258,5,0.7,3,1.2,0.08,2.0,0.1
280,temporal_agglomerative,temporal_relation,35,3,3,0,0.008847951889038086,5,0.7,3,1.2,0.08,2.0,0.1
290,temporal_agglomerative,temporal_relation,35,3,3,0,0.008921146392822266,5,0.7,3,1.2,0.08,2.0,0.1
300,temporal_agglomerative,temporal_relation,35,3,3,0,0.008974552154541016,5,0.7,3,1.2,0.08,2.0,0.1
310,temporal_agglomerative,temporal_relation,32,3,3,0,0.007582664489746094,5,0.7,3,1.2,0.08,2.0,0.1
320,temporal_agglomerative,temporal_relation,33,3,3,0,0.007903099060058594,5,0.7,3,1.2,0.08,2.0,0.1
330,temporal_agglomerative,temporal_relation,35,3,3,0,0.008573770523071289,5,0.7,3,1.2,0.08,2.0,0.1
340,temporal_agglomerative,temporal_relation,36,3,3,0,0.009141921997070312,5,0.7,3,1.2,0.08,2.0,0.1
350,temporal_agglomerative,temporal_relation,36,3,3,0,0.012824773788452148,5,0.7,3,1.2,0.08,2.0,0.1
360,temporal_agglomerative,temporal_relation,36,3,3,0,0.013086795806884766,5,0.7,3,1.2,0.08,2.0,0.1
370,temporal_agglomerative,temporal_relation,36,3,3,0,0.013389825820922852,5,0.7,3,1.2,0.08,2.0,0.1
380,temporal_agglomerative,temporal_relation,36,3,3,0,0.009570121765136719,5,0.7,3,1.2,0.08,2.0,0.1
390,temporal_agglomerative,temporal_relation,36,3,3,0,0.009523630142211914,5,0.7,3,1.2,0.08,2.0,0.1
400,temporal_agglomerative,temporal_relation,37,3,3,0,0.009673357009887695,5,0.7,3,1.2,0.08,2.0,0.1
410,temporal_agglomerative,temporal_relation,37,3,3,0,0.009514808654785156,5,0.7,3,1.2,0.08,2.0,0.1
420,temporal_agglomerative,temporal_relation,37,3,3,0,0.009663820266723633,5,0.7,3,1.2,0.08,2.0,0.1
430,temporal_agglomerative,temporal_relation,37,3,3,0,0.009672164916992188,5,0.7,3,1.2,0.08,2.0,0.1
440,temporal_agglomerative,temporal_relation,37,3,3,0,0.013520956039428711,5,0.7,3,1.2,0.08,2.0,0.1
450,temporal_agglomerative,temporal_relation,37,3,3,0,0.013515949249267578,5,0.7,3,1.2,0.08,2.0,0.1
460,temporal_agglomerative,temporal_relation,38,3,3,0,0.010754585266113281,5,0.7,3,1.2,0.08,2.0,0.1
470,temporal_agglomerative,temporal_relation,36,3,3,0,0.009323596954345703,5,0.7,3,1.2,0.08,2.0,0.1
480,temporal_agglomerative,temporal_relation,36,3,3,0,0.009479761123657227,5,0.7,3,1.2,0.08,2.0,0.1
490,temporal_agglomerative,temporal_relation,36,3,3,0,0.00935053825378418,5,0.7,3,1.2,0.08,2.0,0.1
500,temporal_agglomerative,temporal_relation,37,3,3,0,0.009518623352050781,5,0.7,3,1.2,0.08,2.0,0.1
510,temporal_agglomerative,temporal_relation,36,3,3,0,0.009240388870239258,5,0.7,3,1.2,0.08,2.0,0.1
520,temporal_agglomerative,temporal_relation,36,3,3,0,0.009368896484375,5,0.7,3,1.2,0.08,2.0,0.1
530,temporal_agglomerative,temporal_relation,36,3,3,0,0.012571334838867188,5,0.7,3,1.2,0.08,2.0,0.1
540,temporal_agglomerative,temporal_relation,37,3,3,0,0.012423515319824219,5,0.7,3,1.2,0.08,2.0,0.1
550,temporal_agglomerative,temporal_relation,38,3,3,0,0.010221481323242188,5,0.7,3,1.2,0.08,2.0,0.1
560,temporal_agglomerative,temporal_relation,38,3,3,0,0.010066032409667969,5,0.7,3,1.2,0.08,2.0,0.1
570,temporal_agglomerative,temporal_relation,39,3,3,0,0.011122941970825195,5,0.7,3,1.2,0.08,2.0,0.1
580,temporal_agglomerative,temporal_relation,39,3,3,0,0.011024713516235352,5,0.7,3,1.2,0.08,2.0,0.1
590,temporal_agglomerative,temporal_relation,38,3,3,0,0.010354995727539062,5,0.7,3,1.2,0.08,2.0,0.1
600,temporal_agglomerative,temporal_relation,37,3,3,0,0.010032415390014648,5,0.7,3,1.2,0.08,2.0,0.1
610,temporal_agglomerative,temporal_relation,34,3,3,0,0.008579254150390625,5,0.7,3,1.2,0.08,2.0,0.1
620,temporal_agglomerative,temporal_relation,35,3,3,0,0.011560678482055664,5,0.7,3,1.2,0.08,2.0,0.1
630,temporal_agglomerative,temporal_relation,38,3,3,0,0.013631343841552734,5,0.7,3,1.2,0.08,2.0,0.1
640,temporal_agglomerative,temporal_relation,37,3,3,0,0.009340286254882812,5,0.7,3,1.2,0.08,2.0,0.1
650,temporal_agglomerative,temporal_relation,35,3,3,0,0.008816957473754883,5,0.7,3,1.2,0.08,2.0,0.1
660,temporal_agglomerative,temporal_relation,35,3,3,0,0.008887052536010742,5,0.7,3,1.2,0.08,2.0,0.1
670,temporal_agglomerative,temporal_relation,36,3,3,0,0.009428977966308594,5,0.7,3,1.2,0.08,2.0,0.1
680,temporal_agglomerative,temporal_relation,35,3,3,0,0.00880575180053711,5,0.7,3,1.2,0.08,2.0,0.1
690,temporal_agglomerative,temporal_relation,35,3,3,0,0.008757591247558594,5,0.7,3,1.2,0.08,2.0,0.1
700,temporal_agglomerative,temporal_relation,35,3,3,0,0.008760929107666016,5,0.7,3,1.2,0.08,2.0,0.1
710,temporal_agglomerative,temporal_relation,35,3,3,0,0.009361982345581055,5,0.7,3,1.2,0.08,2.0,0.1
720,temporal_agglomerative,temporal_relation,39,3,3,0,0.014463663101196289,5,0.7,3,1.2,0.08,2.0,0.1
730,temporal_agglomerative,temporal_relation,38,3,3,0,0.011801481246948242,5,0.7,3,1.2,0.08,2.0,0.1
740,temporal_agglomerative,temporal_relation,38,3,3,0,0.010280847549438477,5,0.7,3,1.2,0.08,2.0,0.1
750,temporal_agglomerative,temporal_relation,41,3,3,0,0.011559724807739258,5,0.7,3,1.2,0.08,2.0,0.1
760,temporal_agglomerative,temporal_relation,42,3,3,0,0.01219797134399414,5,0.7,3,1.2,0.08,2.0,0.1
770,temporal_agglomerative,temporal_relation,42,3,3,0,0.012175559997558594,5,0.7,3,1.2,0.08,2.0,0.1
780,temporal_agglomerative,temporal_relation,42,3,3,0,0.013670682907104492,5,0.7,3,1.2,0.08,2.0,0.1
790,temporal_agglomerative,temporal_relation,44,3,3,0,0.015200614929199219,5,0.7,3,1.2,0.08,2.0,0.1
800,temporal_agglomerative,temporal_relation,45,3,3,0,0.019589900970458984,5,0.7,3,1.2,0.08,2.0,0.1
810,temporal_agglomerative,temporal_relation,47,3,3,0,0.014873504638671875,5,0.7,3,1.2,0.08,2.0,0.1
820,temporal_agglomerative,temporal_relation,46,3,3,0,0.014371395111083984,5,0.7,3,1.2,0.08,2.0,0.1
830,temporal_agglomerative,temporal_relation,44,3,3,0,0.01313638687133789,5,0.7,3,1.2,0.08,2.0,0.1
840,temporal_agglomerative,temporal_relation,42,3,3,0,0.01226186752319336,5,0.7,3,1.2,0.08,2.0,0.1
850,temporal_agglomerative,temporal_relation,43,3,3,0,0.012955904006958008,5,0.7,3,1.2,0.08,2.0,0.1
860,temporal_agglomerative,temporal_relation,42,3,3,0,0.014609336853027344,5,0.7,3,1.2,0.08,2.0,0.1
870,temporal_agglomerative,temporal_relation,42,3,3,0,0.017149925231933594,5,0.7,3,1.2,0.08,2.0,0.1
880,temporal_agglomerative,temporal_relation,44,3,3,0,0.013456106185913086,5,0.7,3,1.2,0.08,2.0,0.1
890,temporal_agglomerative,temporal_relation,45,3,3,0,0.015163421630859375,5,0.7,3,1.2,0.08,2.0,0.1
900,temporal_agglomerative,temporal_relation,45,3,3,0,0.013862848281860352,5,0.7,3,1.2,0.08,2.0,0.1
910,temporal_agglomerative,temporal_relation,46,3,3,0,0.014487028121948242,5,0.7,3,1.2,0.08,2.0,0.1
920,temporal_agglomerative,temporal_relation,46,3,3,0,0.014626026153564453,5,0.7,3,1.2,0.08,2.0,0.1
930,temporal_agglomerative,temporal_relation,45,3,3,0,0.01933002471923828,5,0.7,3,1.2,0.08,2.0,0.1
940,temporal_agglomerative,temporal_relation,48,3,3,0,0.015445232391357422,5,0.7,3,1.2,0.08,2.0,0.1
950,temporal_agglomerative,temporal_relation,49,3,3,0,0.01917576789855957,5,0.7,3,1.2,0.08,2.0,0.1
960,temporal_agglomerative,temporal_relation,48,3,3,0,0.01611185073852539,5,0.7,3,1.2,0.08,2.0,0.1
970,temporal_agglomerative,temporal_relation,50,3,3,0,0.018534183502197266,5,0.7,3,1.2,0.08,2.0,0.1
980,temporal_agglomerative,temporal_relation,51,3,3,0,0.023593425750732422,5,0.7,3,1.2,0.08,2.0,0.1
990,temporal_agglomerative,temporal_relation,50,3,3,0,0.019237518310546875,5,0.7,3,1.2,0.08,2.0,0.1
1000,temporal_agglomerative,temporal_relation,50,3,3,0,0.0199887752532959,5,0.7,3,1.2,0.08,2.0,0.1
1010,temporal_agglomerative,temporal_relation,49,3,3,0,0.01820826530456543,5,0.7,3,1.2,0.08,2.0,0.1
1020,temporal_agglomerative,temporal_relation,49,3,3,0,0.017101764678955078,5,0.7,3,1.2,0.08,2.0,0.1
1030,temporal_agglomerative,temporal_relation,48,3,3,0,0.0207216739654541,5,0.7,3,1.2,0.08,2.0,0.1
1040,temporal_agglomerative,temporal_relation,48,3,3,0,0.019480228424072266,5,0.7,3,1.2,0.08,2.0,0.1
1050,temporal_agglomerative,temporal_relation,45,3,3,0,0.014606714248657227,5,0.7,3,1.2,0.08,2.0,0.1
1060,temporal_agglomerative,temporal_relation,45,3,3,0,0.016886234283447266,5,0.7,3,1.2,0.08,2.0,0.1
1070,temporal_agglomerative,temporal_relation,45,3,3,0,0.0141448974609375,5,0.7,3,1.2,0.08,2.0,0.1
1080,temporal_agglomerative,temporal_relation,44,3,3,0,0.013451814651489258,5,0.7,3,1.2,0.08,2.0,0.1
1090,temporal_agglomerative,temporal_relation,44,3,3,0,0.016454458236694336,5,0.7,3,1.2,0.08,2.0,0.1
1100,temporal_agglomerative,temporal_relation,43,3,3,0,0.01513814926147461,5,0.7,3,1.2,0.08,2.0,0.1
1110,temporal_agglomerative,temporal_relation,44,3,3,0,0.013594388961791992,5,0.7,3,1.2,0.08,2.0,0.1
1120,temporal_agglomerative,temporal_relation,45,3,3,0,0.014275550842285156,5,0.7,3,1.2,0.08,2.0,0.1
1130,temporal_agglomerative,temporal_relation,45,3,3,0,0.014035463333129883,5,0.7,3,1.2,0.08,2.0,0.1
1140,temporal_agglomerative,temporal_relation,44,3,3,0,0.013722419738769531,5,0.7,3,1.2,0.08,2.0,0.1
1150,temporal_agglomerative,temporal_relation,47,3,3,0,0.01888895034790039,5,0.7,3,1.2,0.08,2.0,0.1
1160,temporal_agglomerative,temporal_relation,47,3,3,0,0.0215606689453125,5,0.7,3,1.2,0.08,2.0,0.1
1170,temporal_agglomerative,temporal_relation,44,3,3,0,0.013556480407714844,5,0.7,3,1.2,0.08,2.0,0.1
1180,temporal_agglomerative,temporal_relation,43,3,3,0,0.013136625289916992,5,0.7,3,1.2,0.08,2.0,0.1
1190,temporal_agglomerative,temporal_relation,43,3,3,0,0.020479202270507812,5,0.7,3,1.2,0.08,2.0,0.1
1200,temporal_agglomerative,temporal_relation,43,3,3,0,0.021282196044921875,5,0.7,3,1.2,0.08,2.0,0.1
1210,temporal_agglomerative,temporal_relation,41,3,3,0,0.016702890396118164,5,0.7,3,1.2,0.08,2.0,0.1
1220,temporal_agglomerative,temporal_relation,41,3,3,0,0.015339136123657227,5,0.7,3,1.2,0.08,2.0,0.1
1230,temporal_agglomerative,temporal_relation,40,3,3,0,0.013598203659057617,5,0.7,3,1.2,0.08,2.0,0.1
1240,temporal_agglomerative,temporal_relation,39,3,3,0,0.011017799377441406,5,0.7,3,1.2,0.08,2.0,0.1
1250,temporal_agglomerative,temporal_relation,39,3,3,0,0.010837793350219727,5,0.7,3,1.2,0.08,2.0,0.1
1260,temporal_agglomerative,temporal_relation,39,3,3,0,0.010760784149169922,5,0.7,3,1.2,0.08,2.0,0.1
1270,temporal_agglomerative,temporal_relation,38,3,3,0,0.010297536849975586,5,0.7,3,1.2,0.08,2.0,0.1
1280,temporal_agglomerative,temporal_relation,38,3,3,0,0.010481595993041992,5,0.7,3,1.2,0.08,2.0,0.1
1290,temporal_agglomerative,temporal_relation,38,3,3,0,0.014441728591918945,5,0.7,3,1.2,0.08,2.0,0.1
1300,temporal_agglomerative,temporal_relation,39,3,3,0,0.013674259185791016,5,0.7,3,1.2,0.08,2.0,0.1
1310,temporal_agglomerative,temporal_relation,38,3,3,0,0.010345220565795898,5,0.7,3,1.2,0.08,2.0,0.1
1320,temporal_agglomerative,temporal_relation,39,3,3,0,0.0107269287109375,5,0.7,3,1.2,0.08,2.0,0.1
1330,temporal_agglomerative,temporal_relation,37,3,3,0,0.009734153747558594,5,0.7,3,1.2,0.08,2.0,0.1
1340,temporal_agglomerative,temporal_relation,35,3,3,0,0.009004831314086914,5,0.7,3,1.2,0.08,2.0,0.1
1350,temporal_agglomerative,temporal_relation,32,3,3,0,0.010992050170898438,5,0.7,3,1.2,0.08,2.0,0.1
1360,temporal_agglomerative,temporal_relation,32,3,3,0,0.008973360061645508,5,0.7,3,1.2,0.08,2.0,0.1
1370,temporal_agglomerative,temporal_relation,31,3,3,0,0.008034467697143555,5,0.7,3,1.2,0.08,2.0,0.1
1380,temporal_agglomerative,temporal_relation,32,3,3,0,0.010711193084716797,5,0.7,3,1.2,0.08,2.0,0.1
1390,temporal_agglomerative,temporal_relation,32,3,3,0,0.010574817657470703,5,0.7,3,1.2,0.08,2.0,0.1
1400,temporal_agglomerative,temporal_relation,32,3,3,0,0.008939981460571289,5,0.7,3,1.2,0.08,2.0,0.1
1410,temporal_agglomerative,temporal_relation,32,3,3,0,0.007582664489746094,5,0.7,3,1.2,0.08,2.0,0.1
1420,temporal_agglomerative,temporal_relation,31,3,3,0,0.007277488708496094,5,0.7,3,1.2,0.08,2.0,0.1
1430,temporal_agglomerative,temporal_relation,29,3,3,0,0.006598234176635742,5,0.7,3,1.2,0.08,2.0,0.1
1440,temporal_agglomerative,temporal_relation,27,3,3,0,0.0057048797607421875,5,0.7,3,1.2,0.08,2.0,0.1
1450,temporal_agglomerative,temporal_relation,26,3,3,0,0.005270719528198242,5,0.7,3,1.2,0.08,2.0,0.1
1460,temporal_agglomerative,temporal_relation,27,3,3,0,0.005544185638427734,5,0.7,3,1.2,0.08,2.0,0.1
1470,temporal_agglomerative,temporal_relation,26,3,3,0,0.005224943161010742,5,0.7,3,1.2,0.08,2.0,0.1
1480,temporal_agglomerative,temporal_relation,27,3,3,0,0.005565643310546875,5,0.7,3,1.2,0.08,2.0,0.1
1490,temporal_agglomerative,temporal_relation,29,3,3,0,0.00607752799987793,5,0.7,3,1.2,0.08,2.0,0.1
1500,temporal_agglomerative,temporal_relation,30,3,3,0,0.006494283676147461,5,0.7,3,1.2,0.08,2.0,0.1
1510,temporal_agglomerative,temporal_relation,28,3,3,0,0.008845806121826172,5,0.7,3,1.2,0.08,2.0,0.1
1520,temporal_agglomerative,temporal_relation,27,3,3,0,0.0074920654296875,5,0.7,3,1.2,0.08,2.0,0.1
1530,temporal_agglomerative,temporal_relation,30,3,3,0,0.007760763168334961,5,0.7,3,1.2,0.08,2.0,0.1
1540,temporal_agglomerative,temporal_relation,31,3,3,0,0.0069293975830078125,5,0.7,3,1.2,0.08,2.0,0.1
1550,temporal_agglomerative,temporal_relation,31,3,3,0,0.007055044174194336,5,0.7,3,1.2,0.08,2.0,0.1
1560,temporal_agglomerative,temporal_relation,31,3,3,0,0.006978511810302734,5,0.7,3,1.2,0.08,2.0,0.1
1570,temporal_agglomerative,temporal_relation,32,3,3,0,0.00738072395324707,5,0.7,3,1.2,0.08,2.0,0.1
1580,temporal_agglomerative,temporal_relation,33,3,3,0,0.007893800735473633,5,0.7,3,1.2,0.08,2.0,0.1
1590,temporal_agglomerative,temporal_relation,32,3,3,0,0.007571697235107422,5,0.7,3,1.2,0.08,2.0,0.1
1600,temporal_agglomerative,temporal_relation,32,3,3,0,0.00751948356628418,5,0.7,3,1.2,0.08,2.0,0.1
1610,temporal_agglomerative,temporal_relation,32,3,3,0,0.007489919662475586,5,0.7,3,1.2,0.08,2.0,0.1
1620,temporal_agglomerative,temporal_relation,34,3,3,0,0.008226394653320312,5,0.7,3,1.2,0.08,2.0,0.1
1630,temporal_agglomerative,temporal_relation,34,3,3,0,0.01026296615600586,5,0.7,3,1.2,0.08,2.0,0.1
1640,temporal_agglomerative,temporal_relation,35,3,3,0,0.012410163879394531,5,0.7,3,1.2,0.08,2.0,0.1
1650,temporal_agglomerative,temporal_relation,35,3,3,0,0.009934663772583008,5,0.7,3,1.2,0.08,2.0,0.1
1660,temporal_agglomerative,temporal_relation,36,3,3,0,0.009456634521484375,5,0.7,3,1.2,0.08,2.0,0.1
1670,temporal_agglomerative,temporal_relation,37,3,3,0,0.009763717651367188,5,0.7,3,1.2,0.08,2.0,0.1
1680,temporal_agglomerative,temporal_relation,38,3,3,0,0.010232210159301758,5,0.7,3,1.2,0.08,2.0,0.1
1690,temporal_agglomerative,temporal_relation,40,3,3,0,0.011110067367553711,5,0.7,3,1.2,0.08,2.0,0.1
1700,temporal_agglomerative,temporal_relation,40,3,3,0,0.012811899185180664,5,0.7,3,1.2,0.08,2.0,0.1
1710,temporal_agglomerative,temporal_relation,40,3,3,0,0.011438131332397461,5,0.7,3,1.2,0.08,2.0,0.1
1720,temporal_agglomerative,temporal_relation,40,3,3,0,0.015819311141967773,5,0.7,3,1.2,0.08,2.0,0.1
1730,temporal_agglomerative,temporal_relation,43,3,3,0,0.015664100646972656,5,0.7,3,1.2,0.08,2.0,0.1
1740,temporal_agglomerative,temporal_relation,44,3,3,0,0.01317906379699707,5,0.7,3,1.2,0.08,2.0,0.1
1750,temporal_agglomerative,temporal_relation,44,3,3,0,0.01363992691040039,5,0.7,3,1.2,0.08,2.0,0.1
1760,temporal_agglomerative,temporal_relation,46,3,3,0,0.013887882232666016,5,0.7,3,1.2,0.08,2.0,0.1
1770,temporal_agglomerative,temporal_relation,47,3,3,0,0.014707326889038086,5,0.7,3,1.2,0.08,2.0,0.1
1780,temporal_agglomerative,temporal_relation,44,3,3,0,0.013877153396606445,5,0.7,3,1.2,0.08,2.0,0.1
1790,temporal_agglomerative,temporal_relation,43,3,3,0,0.01789569854736328,5,0.7,3,1.2,0.08,2.0,0.1
1800,temporal_agglomerative,temporal_relation,42,3,3,0,0.014666080474853516,5,0.7,3,1.2,0.08,2.0,0.1
1810,temporal_agglomerative,temporal_relation,42,3,3,0,0.012742280960083008,5,0.7,3,1.2,0.08,2.0,0.1
1820,temporal_agglomerative,temporal_relation,44,3,3,0,0.013482809066772461,5,0.7,3,1.2,0.08,2.0,0.1
1830,temporal_agglomerative,temporal_relation,43,3,3,0,0.01307988166809082,5,0.7,3,1.2,0.08,2.0,0.1
1840,temporal_agglomerative,temporal_relation,43,3,3,0,0.01321864128112793,5,0.7,3,1.2,0.08,2.0,0.1
1850,temporal_agglomerative,temporal_relation,45,3,3,0,0.016055822372436523,5,0.7,3,1.2,0.08,2.0,0.1
1860,temporal_agglomerative,temporal_relation,43,3,3,0,0.018353700637817383,5,0.7,3,1.2,0.08,2.0,0.1
1870,temporal_agglomerative,temporal_relation,44,3,3,0,0.013981342315673828,5,0.7,3,1.2,0.08,2.0,0.1
1880,temporal_agglomerative,temporal_relation,44,3,3,0,0.013490676879882812,5,0.7,3,1.2,0.08,2.0,0.1
1890,temporal_agglomerative,temporal_relation,44,3,3,0,0.013559103012084961,5,0.7,3,1.2,0.08,2.0,0.1
1900,temporal_agglomerative,temporal_relation,44,3,3,0,0.013668060302734375,5,0.7,3,1.2,0.08,2.0,0.1
1910,temporal_agglomerative,temporal_relation,46,3,3,0,0.015877485275268555,5,0.7,3,1.2,0.08,2.0,0.1
1920,temporal_agglomerative,temporal_relation,46,3,3,0,0.020770549774169922,5,0.7,3,1.2,0.08,2.0,0.1
1930,temporal_agglomerative,temporal_relation,46,3,3,0,0.018590211868286133,5,0.7,3,1.2,0.08,2.0,0.1
1940,temporal_agglomerative,temporal_relation,44,3,3,0,0.013926506042480469,5,0.7,3,1.2,0.08,2.0,0.1
1950,temporal_agglomerative,temporal_relation,42,3,3,0,0.012775421142578125,5,0.7,3,1.2,0.08,2.0,0.1
1960,temporal_agglomerative,temporal_relation,42,3,3,0,0.012681007385253906,5,0.7,3,1.2,0.08,2.0,0.1
1970,temporal_agglomerative,temporal_relation,42,3,3,0,0.012416601181030273,5,0.7,3,1.2,0.08,2.0,0.1
1980,temporal_agglomerative,temporal_relation,43,3,3,0,0.01401519775390625,5,0.7,3,1.2,0.08,2.0,0.1
1990,temporal_agglomerative,temporal_relation,42,3,3,0,0.018352985382080078,5,0.7,3,1.2,0.08,2.0,0.1
2000,temporal_agglomerative,temporal_relation,41,3,3,0,0.014961719512939453,5,0.7,3,1.2,0.08,2.0,0.1
2010,temporal_agglomerative,temporal_relation,47,3,3,0,0.014497041702270508,5,0.7,3,1.2,0.08,2.0,0.1
2020,temporal_agglomerative,temporal_relation,47,3,3,0,0.014935016632080078,5,0.7,3,1.2,0.08,2.0,0.1
2030,temporal_agglomerative,temporal_relation,47,3,3,0,0.014365434646606445,5,0.7,3,1.2,0.08,2.0,0.1
2040,temporal_agglomerative,temporal_relation,47,3,3,0,0.014800310134887695,5,0.7,3,1.2,0.08,2.0,0.1
2050,temporal_agglomerative,temporal_relation,49,3,3,0,0.022786855697631836,5,0.7,3,1.2,0.08,2.0,0.1
2060,temporal_agglomerative,temporal_relation,47,3,3,0,0.016225337982177734,5,0.7,3,1.2,0.08,2.0,0.1
2070,temporal_agglomerative,temporal_relation,47,3,3,0,0.01548004150390625,5,0.7,3,1.2,0.08,2.0,0.1
2080,temporal_agglomerative,temporal_relation,45,3,3,0,0.014466285705566406,5,0.7,3,1.2,0.08,2.0,0.1
2090,temporal_agglomerative,temporal_relation,43,3,3,0,0.013400077819824219,5,0.7,3,1.2,0.08,2.0,0.1
2100,temporal_agglomerative,temporal_relation,42,3,3,0,0.01560068130493164,5,0.7,3,1.2,0.08,2.0,0.1
2110,temporal_agglomerative,temporal_relation,41,3,3,0,0.01748514175415039,5,0.7,3,1.2,0.08,2.0,0.1
2120,temporal_agglomerative,temporal_relation,40,3,3,0,0.015105724334716797,5,0.7,3,1.2,0.08,2.0,0.1
2130,temporal_agglomerative,temporal_relation,37,3,3,0,0.010031938552856445,5,0.7,3,1.2,0.08,2.0,0.1
2140,temporal_agglomerative,temporal_relation,38,3,3,0,0.010445833206176758,5,0.7,3,1.2,0.08,2.0,0.1
2150,temporal_agglomerative,temporal_relation,38,3,3,0,0.01043248176574707,5,0.7,3,1.2,0.08,2.0,0.1
2160,temporal_agglomerative,temporal_relation,34,3,3,0,0.008332490921020508,5,0.7,3,1.2,0.08,2.0,0.1
2170,temporal_agglomerative,temporal_relation,34,3,3,0,0.008434534072875977,5,0.7,3,1.2,0.08,2.0,0.1
2180,temporal_agglomerative,temporal_relation,36,3,3,0,0.009252786636352539,5,0.7,3,1.2,0.08,2.0,0.1
2190,temporal_agglomerative,temporal_relation,40,3,3,0,0.01245737075805664,5,0.7,3,1.2,0.08,2.0,0.1
2200,temporal_agglomerative,temporal_relation,40,3,3,0,0.015442848205566406,5,0.7,3,1.2,0.08,2.0,0.1
2210,temporal_agglomerative,temporal_relation,38,3,3,0,0.011037826538085938,5,0.7,3,1.2,0.08,2.0,0.1
2220,temporal_agglomerative,temporal_relation,36,3,3,0,0.00915384292602539,5,0.7,3,1.2,0.08,2.0,0.1
2230,temporal_agglomerative,temporal_relation,35,3,3,0,0.011018514633178711,5,0.7,3,1.2,0.08,2.0,0.1
2240,temporal_agglomerative,temporal_relation,33,3,3,0,0.007935762405395508,5,0.7,3,1.2,0.08,2.0,0.1
2250,temporal_agglomerative,temporal_relation,31,3,3,0,0.00720977783203125,5,0.7,3,1.2,0.08,2.0,0.1
2260,temporal_agglomerative,temporal_relation,32,3,3,0,0.0073893070220947266,5,0.7,3,1.2,0.08,2.0,0.1
2270,temporal_agglomerative,temporal_relation,32,3,3,0,0.0074198246002197266,5,0.7,3,1.2,0.08,2.0,0.1
2280,temporal_agglomerative,temporal_relation,32,3,3,0,0.007454395294189453,5,0.7,3,1.2,0.08,2.0,0.1
2290,temporal_agglomerative,temporal_relation,34,3,3,0,0.010109901428222656,5,0.7,3,1.2,0.08,2.0,0.1
2300,temporal_agglomerative,temporal_relation,32,3,3,0,0.010488033294677734,5,0.7,3,1.2,0.08,2.0,0.1
2310,temporal_agglomerative,temporal_relation,39,3,3,0,0.012037992477416992,5,0.7,3,1.2,0.08,2.0,0.1
2320,temporal_agglomerative,temporal_relation,41,3,3,0,0.010802984237670898,5,0.7,3,1.2,0.08,2.0,0.1
2330,temporal_agglomerative,temporal_relation,41,3,3,0,0.011301755905151367,5,0.7,3,1.2,0.08,2.0,0.1
2340,temporal_agglomerative,temporal_relation,44,3,3,0,0.012871503829956055,5,0.7,3,1.2,0.08,2.0,0.1
2350,temporal_agglomerative,temporal_relation,48,3,3,0,0.014829635620117188,5,0.7,3,1.2,0.08,2.0,0.1
2360,temporal_agglomerative,temporal_relation,48,3,3,0,0.015134334564208984,5,0.7,3,1.2,0.08,2.0,0.1
2370,temporal_agglomerative,temporal_relation,47,3,3,0,0.019785642623901367,5,0.7,3,1.2,0.08,2.0,0.1
2380,temporal_agglomerative,temporal_relation,47,3,3,0,0.017220497131347656,5,0.7,3,1.2,0.08,2.0,0.1
2390,temporal_agglomerative,temporal_relation,47,3,3,0,0.015956401824951172,5,0.7,3,1.2,0.08,2.0,0.1
2400,temporal_agglomerative,temporal_relation,49,3,3,0,0.016866207122802734,5,0.7,3,1.2,0.08,2.0,0.1
2410,temporal_agglomerative,temporal_relation,49,3,3,0,0.01681971549987793,5,0.7,3,1.2,0.08,2.0,0.1
2420,temporal_agglomerative,temporal_relation,49,3,3,0,0.01830577850341797,5,0.7,3,1.2,0.08,2.0,0.1
2430,temporal_agglomerative,temporal_relation,48,3,3,0,0.023099184036254883,5,0.7,3,1.2,0.08,2.0,0.1
2440,temporal_agglomerative,temporal_relation,48,3,3,0,0.016467809677124023,5,0.7,3,1.2,0.08,2.0,0.1
2450,temporal_agglomerative,temporal_relation,49,3,3,0,0.016765356063842773,5,0.7,3,1.2,0.08,2.0,0.1
2460,temporal_agglomerative,temporal_relation,48,3,3,0,0.01954174041748047,5,0.7,3,1.2,0.08,2.0,0.1
2470,temporal_agglomerative,temporal_relation,48,3,3,0,0.019474029541015625,5,0.7,3,1.2,0.08,2.0,0.1
2480,temporal_agglomerative,temporal_relation,48,3,3,0,0.021152257919311523,5,0.7,3,1.2,0.08,2.0,0.1
2490,temporal_agglomerative,temporal_relation,48,3,3,0,0.017012834548950195,5,0.7,3,1.2,0.08,2.0,0.1
2500,temporal_agglomerative,temporal_relation,49,3,3,0,0.016771554946899414,5,0.7,3,1.2,0.08,2.0,0.1
2510,temporal_agglomerative,temporal_relation,50,3,3,0,0.01728034019470215,5,0.7,3,1.2,0.08,2.0,0.1
2520,temporal_agglomerative,temporal_relation,52,3,3,0,0.01846933364868164,5,0.7,3,1.2,0.08,2.0,0.1
2530,temporal_agglomerative,temporal_relation,52,3,3,0,0.024760007858276367,5,0.7,3,1.2,0.08,2.0,0.1
2540,temporal_agglomerative,temporal_relation,51,3,3,0,0.02184915542602539,5,0.7,3,1.2,0.08,2.0,0.1
2550,temporal_agglomerative,temporal_relation,48,3,3,0,0.016190767288208008,5,0.7,3,1.2,0.08,2.0,0.1
2560,temporal_agglomerative,temporal_relation,45,3,3,0,0.014529943466186523,5,0.7,3,1.2,0.08,2.0,0.1
2570,temporal_agglomerative,temporal_relation,45,3,3,0,0.014268159866333008,5,0.7,3,1.2,0.08,2.0,0.1
2580,temporal_agglomerative,temporal_relation,43,3,3,0,0.015378713607788086,5,0.7,3,1.2,0.08,2.0,0.1
2590,temporal_agglomerative,temporal_relation,41,3,3,0,0.015820026397705078,5,0.7,3,1.2,0.08,2.0,0.1
2600,temporal_agglomerative,temporal_relation,41,3,3,0,0.014838218688964844,5,0.7,3,1.2,0.08,2.0,0.1
2610,temporal_agglomerative,temporal_relation,41,3,3,0,0.012185096740722656,5,0.7,3,1.2,0.08,2.0,0.1
2620,temporal_agglomerative,temporal_relation,41,3,3,0,0.012098073959350586,5,0.7,3,1.2,0.08,2.0,0.1
2630,temporal_agglomerative,temporal_relation,40,3,3,0,0.011477947235107422,5,0.7,3,1.2,0.08,2.0,0.1
2640,temporal_agglomerative,temporal_relation,40,3,3,0,0.011580944061279297,5,0.7,3,1.2,0.08,2.0,0.1
2650,temporal_agglomerative,temporal_relation,41,3,3,0,0.011892557144165039,5,0.7,3,1.2,0.08,2.0,0.1
2660,temporal_agglomerative,temporal_relation,40,3,3,0,0.014146089553833008,5,0.7,3,1.2,0.08,2.0,0.1
2670,temporal_agglomerative,temporal_relation,43,3,3,0,0.01643848419189453,5,0.7,3,1.2,0.08,2.0,0.1
2680,temporal_agglomerative,temporal_relation,42,3,3,0,0.012229204177856445,5,0.7,3,1.2,0.08,2.0,0.1
2690,temporal_agglomerative,temporal_relation,41,3,3,0,0.011921405792236328,5,0.7,3,1.2,0.08,2.0,0.1
2700,temporal_agglomerative,temporal_relation,39,3,3,0,0.012931346893310547,5,0.7,3,1.2,0.08,2.0,0.1
2710,temporal_agglomerative,temporal_relation,37,3,3,0,0.009958505630493164,5,0.7,3,1.2,0.08,2.0,0.1
2720,temporal_agglomerative,temporal_relation,37,3,3,0,0.009867429733276367,5,0.7,3,1.2,0.08,2.0,0.1
2730,temporal_agglomerative,temporal_relation,38,3,3,0,0.009997129440307617,5,0.7,3,1.2,0.08,2.0,0.1
2740,temporal_agglomerative,temporal_relation,38,3,3,0,0.014537811279296875,5,0.7,3,1.2,0.08,2.0,0.1
2750,temporal_agglomerative,temporal_relation,35,3,3,0,0.012367963790893555,5,0.7,3,1.2,0.08,2.0,0.1
2760,temporal_agglomerative,temporal_relation,36,3,3,0,0.009396791458129883,5,0.7,3,1.2,0.08,2.0,0.1
2770,temporal_agglomerative,temporal_relation,35,3,3,0,0.009015083312988281,5,0.7,3,1.2,0.08,2.0,0.1
2780,temporal_agglomerative,temporal_relation,35,3,3,0,0.0087890625,5,0.7,3,1.2,0.08,2.0,0.1
2790,temporal_agglomerative,temporal_relation,35,3,3,0,0.008877277374267578,5,0.7,3,1.2,0.08,2.0,0.1
2800,temporal_agglomerative,temporal_relation,35,3,3,0,0.008984565734863281,5,0.7,3,1.2,0.08,2.0,0.1
2810,temporal_agglomerative,temporal_relation,35,3,3,0,0.009086132049560547,5,0.7,3,1.2,0.08,2.0,0.1
2820,temporal_agglomerative,temporal_relation,36,3,3,0,0.009461164474487305,5,0.7,3,1.2,0.08,2.0,0.1
2830,temporal_agglomerative,temporal_relation,38,3,3,0,0.011378765106201172,5,0.7,3,1.2,0.08,2.0,0.1
2840,temporal_agglomerative,temporal_relation,37,3,3,0,0.013605117797851562,5,0.7,3,1.2,0.08,2.0,0.1
2850,temporal_agglomerative,temporal_relation,37,3,3,0,0.013507366180419922,5,0.7,3,1.2,0.08,2.0,0.1
2860,temporal_agglomerative,temporal_relation,36,3,3,0,0.009617090225219727,5,0.7,3,1.2,0.08,2.0,0.1
2870,temporal_agglomerative,temporal_relation,35,3,3,0,0.008996963500976562,5,0.7,3,1.2,0.08,2.0,0.1
2880,temporal_agglomerative,temporal_relation,34,3,3,0,0.00859832763671875,5,0.7,3,1.2,0.08,2.0,0.1
2890,temporal_agglomerative,temporal_relation,34,3,3,0,0.008600234985351562,5,0.7,3,1.2,0.08,2.0,0.1
2900,temporal_agglomerative,temporal_relation,37,3,3,0,0.009609699249267578,5,0.7,3,1.2,0.08,2.0,0.1
2910,temporal_agglomerative,temporal_relation,34,3,3,0,0.008318901062011719,5,0.7,3,1.2,0.08,2.0,0.1
2920,temporal_agglomerative,temporal_relation,33,3,3,0,0.007934093475341797,5,0.7,3,1.2,0.08,2.0,0.1
2930,temporal_agglomerative,temporal_relation,29,3,3,0,0.014521360397338867,5,0.7,3,1.2,0.08,2.0,0.1
2940,temporal_agglomerative,temporal_relation,29,3,3,0,0.009808063507080078,5,0.7,3,1.2,0.08,2.0,0.1
2950,temporal_agglomerative,temporal_relation,31,3,3,0,0.007632017135620117,5,0.7,3,1.2,0.08,2.0,0.1
2960,temporal_agglomerative,temporal_relation,31,3,3,0,0.0071299076080322266,5,0.7,3,1.2,0.08,2.0,0.1
2970,temporal_agglomerative,temporal_relation,29,3,3,0,0.006406307220458984,5,0.7,3,1.2,0.08,2.0,0.1
2980,temporal_agglomerative,temporal_relation,30,3,3,0,0.006765604019165039,5,0.7,3,1.2,0.08,2.0,0.1
2990,temporal_agglomerative,temporal_relation,30,3,3,0,0.006833791732788086,5,0.7,3,1.2,0.08,2.0,0.1
3000,temporal_agglomerative,temporal_relation,31,3,3,0,0.007157802581787109,5,0.7,3,1.2,0.08,2.0,0.1
3010,temporal_agglomerative,temporal_relation,30,3,3,0,0.0068662166595458984,5,0.7,3,1.2,0.08,2.0,0.1
3020,temporal_agglomerative,temporal_relation,30,3,3,0,0.006880044937133789,5,0.7,3,1.2,0.08,2.0,0.1
3030,temporal_agglomerative,temporal_relation,29,3,3,0,0.006483316421508789,5,0.7,3,1.2,0.08,2.0,0.1
3040,temporal_agglomerative,temporal_relation,32,3,3,0,0.007344245910644531,5,0.7,3,1.2,0.08,2.0,0.1
3050,temporal_agglomerative,temporal_relation,31,3,3,0,0.011101245880126953,5,0.7,3,1.2,0.08,2.0,0.1
3060,temporal_agglomerative,temporal_relation,32,3,3,0,0.012186288833618164,5,0.7,3,1.2,0.08,2.0,0.1
3070,temporal_agglomerative,temporal_relation,31,3,3,0,0.011851787567138672,5,0.7,3,1.2,0.08,2.0,0.1
3080,temporal_agglomerative,temporal_relation,30,3,3,0,0.01156926155090332,5,0.7,3,1.2,0.08,2.0,0.1
3090,temporal_agglomerative,temporal_relation,29,3,3,0,0.01105952262878418,5,0.7,3,1.2,0.08,2.0,0.1
3100,temporal_agglomerative,temporal_relation,30,3,3,0,0.011502265930175781,5,0.7,3,1.2,0.08,2.0,0.1
3110,temporal_agglomerative,temporal_relation,29,3,3,0,0.010717391967773438,5,0.7,3,1.2,0.08,2.0,0.1
3120,temporal_agglomerative,temporal_relation,31,3,3,0,0.011677026748657227,5,0.7,3,1.2,0.08,2.0,0.1
3130,temporal_agglomerative,temporal_relation,32,3,3,0,0.012425661087036133,5,0.7,3,1.2,0.08,2.0,0.1
3140,temporal_agglomerative,temporal_relation,33,3,3,0,0.013231277465820312,5,0.7,3,1.2,0.08,2.0,0.1
3150,temporal_agglomerative,temporal_relation,33,3,3,0,0.013745546340942383,5,0.7,3,1.2,0.08,2.0,0.1
3160,temporal_agglomerative,temporal_relation,33,3,3,0,0.008890867233276367,5,0.7,3,1.2,0.08,2.0,0.1
3170,temporal_agglomerative,temporal_relation,33,3,3,0,0.011594295501708984,5,0.7,3,1.2,0.08,2.0,0.1
3180,temporal_agglomerative,temporal_relation,32,3,3,0,0.0076808929443359375,5,0.7,3,1.2,0.08,2.0,0.1
3190,temporal_agglomerative,temporal_relation,31,3,3,0,0.007250070571899414,5,0.7,3,1.2,0.08,2.0,0.1
3200,temporal_agglomerative,temporal_relation,32,3,3,0,0.007486820220947266,5,0.7,3,1.2,0.08,2.0,0.1
3210,temporal_agglomerative,temporal_relation,31,3,3,0,0.00742650032043457,5,0.7,3,1.2,0.08,2.0,0.1
3220,temporal_agglomerative,temporal_relation,30,3,3,0,0.006784677505493164,5,0.7,3,1.2,0.08,2.0,0.1
3230,temporal_agglomerative,temporal_relation,32,3,3,0,0.007300853729248047,5,0.7,3,1.2,0.08,2.0,0.1
3240,temporal_agglomerative,temporal_relation,33,3,3,0,0.007792472839355469,5,0.7,3,1.2,0.08,2.0,0.1
3250,temporal_agglomerative,temporal_relation,34,3,3,0,0.01168966293334961,5,0.7,3,1.2,0.08,2.0,0.1
3260,temporal_agglomerative,temporal_relation,34,3,3,0,0.01039743423461914,5,0.7,3,1.2,0.08,2.0,0.1
3270,temporal_agglomerative,temporal_relation,34,3,3,0,0.011311054229736328,5,0.7,3,1.2,0.08,2.0,0.1
3280,temporal_agglomerative,temporal_relation,36,3,3,0,0.012253999710083008,5,0.7,3,1.2,0.08,2.0,0.1
3290,temporal_agglomerative,temporal_relation,36,3,3,0,0.009352445602416992,5,0.7,3,1.2,0.08,2.0,0.1
3300,temporal_agglomerative,temporal_relation,35,3,3,0,0.008666753768920898,5,0.7,3,1.2,0.08,2.0,0.1
3310,temporal_agglomerative,temporal_relation,35,3,3,0,0.00891256332397461,5,0.7,3,1.2,0.08,2.0,0.1
3320,temporal_agglomerative,temporal_relation,35,3,3,0,0.009053707122802734,5,0.7,3,1.2,0.08,2.0,0.1
3330,temporal_agglomerative,temporal_relation,35,3,3,0,0.009076118469238281,5,0.7,3,1.2,0.08,2.0,0.1
3340,temporal_agglomerative,temporal_relation,35,3,3,0,0.00910043716430664,5,0.7,3,1.2,0.08,2.0,0.1
3350,temporal_agglomerative,temporal_relation,35,3,3,0,0.00910043716430664,5,0.7,3,1.2,0.08,2.0,0.1
3360,temporal_agglomerative,temporal_relation,35,3,3,0,0.009799718856811523,5,0.7,3,1.2,0.08,2.0,0.1
3370,temporal_agglomerative,temporal_relation,35,3,3,0,0.013071775436401367,5,0.7,3,1.2,0.08,2.0,0.1
3380,temporal_agglomerative,temporal_relation,35,3,3,0,0.011895418167114258,5,0.7,3,1.2,0.08,2.0,0.1
3390,temporal_agglomerative,temporal_relation,35,3,3,0,0.00891733169555664,5,0.7,3,1.2,0.08,2.0,0.1
3400,temporal_agglomerative,temporal_relation,35,3,3,0,0.00895237922668457,5,0.7,3,1.2,0.08,2.0,0.1
3410,temporal_agglomerative,temporal_relation,35,3,3,0,0.009014368057250977,5,0.7,3,1.2,0.08,2.0,0.1
3420,temporal_agglomerative,temporal_relation,35,3,3,0,0.009058237075805664,5,0.7,3,1.2,0.08,2.0,0.1
3430,temporal_agglomerative,temporal_relation,37,3,3,0,0.011905431747436523,5,0.7,3,1.2,0.08,2.0,0.1
3440,temporal_agglomerative,temporal_relation,37,3,3,0,0.009261131286621094,5,0.7,3,1.2,0.08,2.0,0.1
3450,temporal_agglomerative,temporal_relation,34,3,3,0,0.0079345703125,5,0.7,3,1.2,0.08,2.0,0.1
3460,temporal_agglomerative,temporal_relation,34,3,3,0,0.009810447692871094,5,0.7,3,1.2,0.08,2.0,0.1
3470,temporal_agglomerative,temporal_relation,34,3,3,0,0.010817527770996094,5,0.7,3,1.2,0.08,2.0,0.1
3480,temporal_agglomerative,temporal_relation,33,3,3,0,0.010850191116333008,5,0.7,3,1.2,0.08,2.0,0.1
3490,temporal_agglomerative,temporal_relation,32,3,3,0,0.007658481597900391,5,0.7,3,1.2,0.08,2.0,0.1
3500,temporal_agglomerative,temporal_relation,31,3,3,0,0.007325649261474609,5,0.7,3,1.2,0.08,2.0,0.1
3510,temporal_agglomerative,temporal_relation,30,3,3,0,0.0068509578704833984,5,0.7,3,1.2,0.08,2.0,0.1
3520,temporal_agglomerative,temporal_relation,30,3,3,0,0.0063953399658203125,5,0.7,3,1.2,0.08,2.0,0.1
3530,temporal_agglomerative,temporal_relation,30,3,3,0,0.006510496139526367,5,0.7,3,1.2,0.08,2.0,0.1
3540,temporal_agglomerative,temporal_relation,28,3,3,0,0.005963563919067383,5,0.7,3,1.2,0.08,2.0,0.1
3550,temporal_agglomerative,temporal_relation,27,3,3,0,0.005636692047119141,5,0.7,3,1.2,0.08,2.0,0.1
3560,temporal_agglomerative,temporal_relation,27,3,3,0,0.005739450454711914,5,0.7,3,1.2,0.08,2.0,0.1
3570,temporal_agglomerative,temporal_relation,26,3,3,0,0.0053822994232177734,5,0.7,3,1.2,0.08,2.0,0.1
3580,temporal_agglomerative,temporal_relation,26,3,3,0,0.005319356918334961,5,0.7,3,1.2,0.08,2.0,0.1
3590,temporal_agglomerative,temporal_relation,27,3,3,0,0.006555318832397461,5,0.7,3,1.2,0.08,2.0,0.1
3600,temporal_agglomerative,temporal_relation,27,3,3,0,0.0059239864349365234,5,0.7,3,1.2,0.08,2.0,0.1
3610,temporal_agglomerative,temporal_relation,27,3,3,0,0.0076982975006103516,5,0.7,3,1.2,0.08,2.0,0.1
3620,temporal_agglomerative,temporal_relation,28,3,3,0,0.007631540298461914,5,0.7,3,1.2,0.08,2.0,0.1
3630,temporal_agglomerative,temporal_relation,29,3,3,0,0.006117343902587891,5,0.7,3,1.2,0.08,2.0,0.1
3640,temporal_agglomerative,temporal_relation,29,3,3,0,0.006212472915649414,5,0.7,3,1.2,0.08,2.0,0.1
3650,temporal_agglomerative,temporal_relation,28,3,3,0,0.010082244873046875,5,0.7,3,1.2,0.08,2.0,0.1
3660,temporal_agglomerative,temporal_relation,27,3,3,0,0.005557537078857422,5,0.7,3,1.2,0.08,2.0,0.1
3670,temporal_agglomerative,temporal_relation,27,3,3,0,0.005606651306152344,5,0.7,3,1.2,0.08,2.0,0.1
3680,temporal_agglomerative,temporal_relation,27,3,3,0,0.0056874752044677734,5,0.7,3,1.2,0.08,2.0,0.1
3690,temporal_agglomerative,temporal_relation,29,3,3,0,0.006186246871948242,5,0.7,3,1.2,0.08,2.0,0.1
3700,temporal_agglomerative,temporal_relation,30,3,3,0,0.008635997772216797,5,0.7,3,1.2,0.08,2.0,0.1
3710,temporal_agglomerative,temporal_relation,32,3,3,0,0.0071468353271484375,5,0.7,3,1.2,0.08,2.0,0.1
3720,temporal_agglomerative,temporal_relation,35,3,3,0,0.008365631103515625,5,0.7,3,1.2,0.08,2.0,0.1
3730,temporal_agglomerative,temporal_relation,36,3,3,0,0.011735916137695312,5,0.7,3,1.2,0.08,2.0,0.1
3740,temporal_agglomerative,temporal_relation,35,3,3,0,0.010154247283935547,5,0.7,3,1.2,0.08,2.0,0.1
3750,temporal_agglomerative,temporal_relation,32,3,3,0,0.009856462478637695,5,0.7,3,1.2,0.08,2.0,0.1
3760,temporal_agglomerative,temporal_relation,32,3,3,0,0.007593631744384766,5,0.7,3,1.2,0.08,2.0,0.1
3770,temporal_agglomerative,temporal_relation,32,3,3,0,0.00751495361328125,5,0.7,3,1.2,0.08,2.0,0.1
3780,temporal_agglomerative,temporal_relation,31,3,3,0,0.00700068473815918,5,0.7,3,1.2,0.08,2.0,0.1
3790,temporal_agglomerative,temporal_relation,34,3,3,0,0.007871150970458984,5,0.7,3,1.2,0.08,2.0,0.1
3800,temporal_agglomerative,temporal_relation,34,3,3,0,0.008144140243530273,5,0.7,3,1.2,0.08,2.0,0.1
3810,temporal_agglomerative,temporal_relation,34,3,3,0,0.008140325546264648,5,0.7,3,1.2,0.08,2.0,0.1
3820,temporal_agglomerative,temporal_relation,34,3,3,0,0.008299589157104492,5,0.7,3,1.2,0.08,2.0,0.1
3830,temporal_agglomerative,temporal_relation,34,3,3,0,0.008461713790893555,5,0.7,3,1.2,0.08,2.0,0.1
3840,temporal_agglomerative,temporal_relation,33,3,3,0,0.012383699417114258,5,0.7,3,1.2,0.08,2.0,0.1
3850,temporal_agglomerative,temporal_relation,32,3,3,0,0.01054239273071289,5,0.7,3,1.2,0.08,2.0,0.1
3860,temporal_agglomerative,temporal_relation,32,3,3,0,0.008697509765625,5,0.7,3,1.2,0.08,2.0,0.1
3870,temporal_agglomerative,temporal_relation,31,3,3,0,0.007199287414550781,5,0.7,3,1.2,0.08,2.0,0.1
3880,temporal_agglomerative,temporal_relation,30,3,3,0,0.00656890869140625,5,0.7,3,1.2,0.08,2.0,0.1
3890,temporal_agglomerative,temporal_relation,28,3,3,0,0.005777120590209961,5,0.7,3,1.2,0.08,2.0,0.1
3900,temporal_agglomerative,temporal_relation,30,3,3,0,0.006489753723144531,5,0.7,3,1.2,0.08,2.0,0.1
3910,temporal_agglomerative,temporal_relation,30,3,3,0,0.006566524505615234,5,0.7,3,1.2,0.08,2.0,0.1
3920,temporal_agglomerative,temporal_relation,30,3,3,0,0.006745100021362305,5,0.7,3,1.2,0.08,2.0,0.1
3930,temporal_agglomerative,temporal_relation,30,3,3,0,0.006795644760131836,5,0.7,3,1.2,0.08,2.0,0.1
3940,temporal_agglomerative,temporal_relation,30,3,3,0,0.006869792938232422,5,0.7,3,1.2,0.08,2.0,0.1
3950,temporal_agglomerative,temporal_relation,31,3,3,0,0.007203340530395508,5,0.7,3,1.2,0.08,2.0,0.1
3960,temporal_agglomerative,temporal_relation,31,3,3,0,0.008647918701171875,5,0.7,3,1.2,0.08,2.0,0.1
3970,temporal_agglomerative,temporal_relation,31,3,3,0,0.008733034133911133,5,0.7,3,1.2,0.08,2.0,0.1
3980,temporal_agglomerative,temporal_relation,30,3,3,0,0.009464025497436523,5,0.7,3,1.2,0.08,2.0,0.1
3990,temporal_agglomerative,temporal_relation,31,3,3,0,0.007117271423339844,5,0.7,3,1.2,0.08,2.0,0.1
4000,temporal_agglomerative,temporal_relation,30,3,3,0,0.006615161895751953,5,0.7,3,1.2,0.08,2.0,0.1
4010,temporal_agglomerative,temporal_relation,27,3,3,0,0.005576133728027344,5,0.7,3,1.2,0.08,2.0,0.1
4020,temporal_agglomerative,temporal_relation,27,3,3,0,0.0054018497467041016,5,0.7,3,1.2,0.08,2.0,0.1
4030,temporal_agglomerative,temporal_relation,27,3,3,0,0.005469083786010742,5,0.7,3,1.2,0.08,2.0,0.1
4040,temporal_agglomerative,temporal_relation,25,3,3,0,0.004884243011474609,5,0.7,3,1.2,0.08,2.0,0.1
4050,temporal_agglomerative,temporal_relation,24,3,3,0,0.004635810852050781,5,0.7,3,1.2,0.08,2.0,0.1
4060,temporal_agglomerative,temporal_relation,25,3,3,0,0.004866123199462891,5,0.7,3,1.2,0.08,2.0,0.1
4070,temporal_agglomerative,temporal_relation,25,3,3,0,0.004942655563354492,5,0.7,3,1.2,0.08,2.0,0.1
4080,temporal_agglomerative,temporal_relation,25,3,3,0,0.006412506103515625,5,0.7,3,1.2,0.08,2.0,0.1
4090,temporal_agglomerative,temporal_relation,26,3,3,0,0.005256175994873047,5,0.7,3,1.2,0.08,2.0,0.1
4100,temporal_agglomerative,temporal_relation,24,3,3,0,0.004503965377807617,5,0.7,3,1.2,0.08,2.0,0.1
4110,temporal_agglomerative,temporal_relation,21,3,3,0,0.0036516189575195312,5,0.7,3,1.2,0.08,2.0,0.1
4120,temporal_agglomerative,temporal_relation,22,3,3,0,0.00539851188659668,5,0.7,3,1.2,0.08,2.0,0.1
4130,temporal_agglomerative,temporal_relation,22,3,3,0,0.005751132965087891,5,0.7,3,1.2,0.08,2.0,0.1
4140,temporal_agglomerative,temporal_relation,21,3,3,0,0.005841493606567383,5,0.7,3,1.2,0.08,2.0,0.1
4150,temporal_agglomerative,temporal_relation,21,3,3,0,0.005160093307495117,5,0.7,3,1.2,0.08,2.0,0.1
4160,temporal_agglomerative,temporal_relation,22,3,3,0,0.004036903381347656,5,0.7,3,1.2,0.08,2.0,0.1
4170,temporal_agglomerative,temporal_relation,21,3,3,0,0.004593610763549805,5,0.7,3,1.2,0.08,2.0,0.1
4180,temporal_agglomerative,temporal_relation,21,3,3,0,0.0036993026733398438,5,0.7,3,1.2,0.08,2.0,0.1
4190,temporal_agglomerative,temporal_relation,19,3,3,0,0.0032186508178710938,5,0.7,3,1.2,0.08,2.0,0.1
4200,temporal_agglomerative,temporal_relation,18,3,3,0,0.002963542938232422,5,0.7,3,1.2,0.08,2.0,0.1
4210,temporal_agglomerative,temporal_relation,19,3,3,0,0.003109455108642578,5,0.7,3,1.2,0.08,2.0,0.1
4220,temporal_agglomerative,temporal_relation,19,3,3,0,0.0031495094299316406,5,0.7,3,1.2,0.08,2.0,0.1
4230,temporal_agglomerative,temporal_relation,20,3,3,0,0.003332853317260742,5,0.7,3,1.2,0.08,2.0,0.1
4240,temporal_agglomerative,temporal_relation,20,3,3,0,0.003396749496459961,5,0.7,3,1.2,0.08,2.0,0.1
4250,temporal_agglomerative,temporal_relation,21,3,3,0,0.004069089889526367,5,0.7,3,1.2,0.08,2.0,0.1
4260,temporal_agglomerative,temporal_relation,21,3,3,0,0.0035789012908935547,5,0.7,3,1.2,0.08,2.0,0.1
4270,temporal_agglomerative,temporal_relation,20,3,3,0,0.003248453140258789,5,0.7,3,1.2,0.08,2.0,0.1
4280,temporal_agglomerative,temporal_relation,21,3,3,0,0.0035390853881835938,5,0.7,3,1.2,0.08,2.0,0.1
4290,temporal_agglomerative,temporal_relation,21,3,3,0,0.0036363601684570312,5,0.7,3,1.2,0.08,2.0,0.1
4300,temporal_agglomerative,temporal_relation,23,3,3,0,0.004073619842529297,5,0.7,3,1.2,0.08,2.0,0.1
4310,temporal_agglomerative,temporal_relation,23,3,3,0,0.004171133041381836,5,0.7,3,1.2,0.08,2.0,0.1
4320,temporal_agglomerative,temporal_relation,22,3,3,0,0.004001140594482422,5,0.7,3,1.2,0.08,2.0,0.1
4330,temporal_agglomerative,temporal_relation,22,3,3,0,0.003968238830566406,5,0.7,3,1.2,0.08,2.0,0.1
4340,temporal_agglomerative,temporal_relation,21,3,3,0,0.00420379638671875,5,0.7,3,1.2,0.08,2.0,0.1
4350,temporal_agglomerative,temporal_relation,21,3,3,0,0.005172014236450195,5,0.7,3,1.2,0.08,2.0,0.1
4360,temporal_agglomerative,temporal_relation,21,3,3,0,0.00518345832824707,5,0.7,3,1.2,0.08,2.0,0.1
4370,temporal_agglomerative,temporal_relation,21,3,3,0,0.005158662796020508,5,0.7,3,1.2,0.08,2.0,0.1
4380,temporal_agglomerative,temporal_relation,20,3,3,0,0.003733396530151367,5,0.7,3,1.2,0.08,2.0,0.1
4390,temporal_agglomerative,temporal_relation,20,3,3,0,0.003693819046020508,5,0.7,3,1.2,0.08,2.0,0.1
4400,temporal_agglomerative,temporal_relation,18,3,3,0,0.0029768943786621094,5,0.7,3,1.2,0.08,2.0,0.1
4410,temporal_agglomerative,temporal_relation,17,3,3,0,0.002727031707763672,5,0.7,3,1.2,0.08,2.0,0.1
4420,temporal_agglomerative,temporal_relation,19,3,3,0,0.003057241439819336,5,0.7,3,1.2,0.08,2.0,0.1
4430,temporal_agglomerative,temporal_relation,19,3,3,0,0.003047943115234375,5,0.7,3,1.2,0.08,2.0,0.1
4440,temporal_agglomerative,temporal_relation,19,3,3,0,0.005466461181640625,5,0.7,3,1.2,0.08,2.0,0.1
4450,temporal_agglomerative,temporal_relation,18,3,3,0,0.002819538116455078,5,0.7,3,1.2,0.08,2.0,0.1
4460,temporal_agglomerative,temporal_relation,17,3,3,0,0.0026738643646240234,5,0.7,3,1.2,0.08,2.0,0.1
4470,temporal_agglomerative,temporal_relation,16,3,3,0,0.002487659454345703,5,0.7,3,1.2,0.08,2.0,0.1
4480,temporal_agglomerative,temporal_relation,15,3,3,0,0.002280712127685547,5,0.7,3,1.2,0.08,2.0,0.1
4490,temporal_agglomerative,temporal_relation,16,3,3,0,0.0024466514587402344,5,0.7,3,1.2,0.08,2.0,0.1
4500,temporal_agglomerative,temporal_relation,17,3,3,0,0.002577543258666992,5,0.7,3,1.2,0.08,2.0,0.1
4510,temporal_agglomerative,temporal_relation,18,3,3,0,0.002722024917602539,5,0.7,3,1.2,0.08,2.0,0.1
4520,temporal_agglomerative,temporal_relation,18,3,3,0,0.002719879150390625,5,0.7,3,1.2,0.08,2.0,0.1
4530,temporal_agglomerative,temporal_relation,21,3,3,0,0.0033216476440429688,5,0.7,3,1.2,0.08,2.0,0.1
4540,temporal_agglomerative,temporal_relation,20,3,3,0,0.003215312957763672,5,0.7,3,1.2,0.08,2.0,0.1
4550,temporal_agglomerative,temporal_relation,19,3,3,0,0.003086090087890625,5,0.7,3,1.2,0.08,2.0,0.1
4560,temporal_agglomerative,temporal_relation,19,3,3,0,0.003078460693359375,5,0.7,3,1.2,0.08,2.0,0.1
4570,temporal_agglomerative,temporal_relation,21,3,3,0,0.0033898353576660156,5,0.7,3,1.2,0.08,2.0,0.1
4580,temporal_agglomerative,temporal_relation,21,3,3,0,0.003337383270263672,5,0.7,3,1.2,0.08,2.0,0.1
4590,temporal_agglomerative,temporal_relation,22,3,3,0,0.003673553466796875,5,0.7,3,1.2,0.08,2.0,0.1
4600,temporal_agglomerative,temporal_relation,21,3,3,0,0.00359344482421875,5,0.7,3,1.2,0.08,2.0,0.1
4610,temporal_agglomerative,temporal_relation,22,3,3,0,0.005295753479003906,5,0.7,3,1.2,0.08,2.0,0.1
4620,temporal_agglomerative,temporal_relation,23,3,3,0,0.005743503570556641,5,0.7,3,1.2,0.08,2.0,0.1
4630,temporal_agglomerative,temporal_relation,24,3,3,0,0.006148576736450195,5,0.7,3,1.2,0.08,2.0,0.1
4640,temporal_agglomerative,temporal_relation,24,3,3,0,0.005880117416381836,5,0.7,3,1.2,0.08,2.0,0.1
4650,temporal_agglomerative,temporal_relation,24,3,3,0,0.004574298858642578,5,0.7,3,1.2,0.08,2.0,0.1
4660,temporal_agglomerative,temporal_relation,24,3,3,0,0.004512786865234375,5,0.7,3,1.2,0.08,2.0,0.1
4670,temporal_agglomerative,temporal_relation,23,3,3,0,0.004281520843505859,5,0.7,3,1.2,0.08,2.0,0.1
4680,temporal_agglomerative,temporal_relation,22,3,3,0,0.004002809524536133,5,0.7,3,1.2,0.08,2.0,0.1
4690,temporal_agglomerative,temporal_relation,21,3,3,0,0.0037698745727539062,5,0.7,3,1.2,0.08,2.0,0.1
4700,temporal_agglomerative,temporal_relation,21,3,3,0,0.0037424564361572266,5,0.7,3,1.2,0.08,2.0,0.1
4710,temporal_agglomerative,temporal_relation,19,3,3,0,0.003198385238647461,5,0.7,3,1.2,0.08,2.0,0.1
4720,temporal_agglomerative,temporal_relation,20,3,3,0,0.0033512115478515625,5,0.7,3,1.2,0.08,2.0,0.1
4730,temporal_agglomerative,temporal_relation,18,3,3,0,0.002914905548095703,5,0.7,3,1.2,0.08,2.0,0.1
4740,temporal_agglomerative,temporal_relation,19,3,3,0,0.0030891895294189453,5,0.7,3,1.2,0.08,2.0,0.1
4750,temporal_agglomerative,temporal_relation,17,3,3,0,0.0026628971099853516,5,0.7,3,1.2,0.08,2.0,0.1
4760,temporal_agglomerative,temporal_relation,18,3,3,0,0.0028562545776367188,5,0.7,3,1.2,0.08,2.0,0.1
4770,temporal_agglomerative,temporal_relation,19,3,3,0,0.0030465126037597656,5,0.7,3,1.2,0.08,2.0,0.1
4780,temporal_agglomerative,temporal_relation,20,3,3,0,0.0032253265380859375,5,0.7,3,1.2,0.08,2.0,0.1
4790,temporal_agglomerative,temporal_relation,20,3,3,0,0.0033206939697265625,5,0.7,3,1.2,0.08,2.0,0.1
4800,temporal_agglomerative,temporal_relation,20,3,3,0,0.0034017562866210938,5,0.7,3,1.2,0.08,2.0,0.1
4810,temporal_agglomerative,temporal_relation,20,3,3,0,0.00568389892578125,5,0.7,3,1.2,0.08,2.0,0.1
4820,temporal_agglomerative,temporal_relation,19,3,3,0,0.0031402111053466797,5,0.7,3,1.2,0.08,2.0,0.1
4830,temporal_agglomerative,temporal_relation,18,3,3,0,0.003087282180786133,5,0.7,3,1.2,0.08,2.0,0.1
4840,temporal_agglomerative,temporal_relation,17,3,3,0,0.0036551952362060547,5,0.7,3,1.2,0.08,2.0,0.1
4850,temporal_agglomerative,temporal_relation,17,3,3,0,0.003528594970703125,5,0.7,3,1.2,0.08,2.0,0.1
4860,temporal_agglomerative,temporal_relation,18,3,3,0,0.0036916732788085938,5,0.7,3,1.2,0.08,2.0,0.1
4870,temporal_agglomerative,temporal_relation,17,3,3,0,0.003008127212524414,5,0.7,3,1.2,0.08,2.0,0.1
4880,temporal_agglomerative,temporal_relation,16,3,3,0,0.003298044204711914,5,0.7,3,1.2,0.08,2.0,0.1
4890,temporal_agglomerative,temporal_relation,15,3,3,0,0.0030298233032226562,5,0.7,3,1.2,0.08,2.0,0.1
4900,temporal_agglomerative,temporal_relation,15,3,3,0,0.002307891845703125,5,0.7,3,1.2,0.08,2.0,0.1
4910,temporal_agglomerative,temporal_relation,16,3,3,0,0.0024428367614746094,5,0.7,3,1.2,0.08,2.0,0.1
4920,temporal_agglomerative,temporal_relation,17,3,3,0,0.0027265548706054688,5,0.7,3,1.2,0.08,2.0,0.1
4930,temporal_agglomerative,temporal_relation,17,3,3,0,0.002401590347290039,5,0.7,3,1.2,0.08,2.0,0.1
4940,temporal_agglomerative,temporal_relation,15,3,3,0,0.0021047592163085938,5,0.7,3,1.2,0.08,2.0,0.1
4950,temporal_agglomerative,temporal_relation,14,3,3,0,0.0019965171813964844,5,0.7,3,1.2,0.08,2.0,0.1
4960,temporal_agglomerative,temporal_relation,14,3,3,0,0.002079010009765625,5,0.7,3,1.2,0.08,2.0,0.1
4970,temporal_agglomerative,temporal_relation,15,3,3,0,0.0022439956665039062,5,0.7,3,1.2,0.08,2.0,0.1
4980,temporal_agglomerative,temporal_relation,17,3,3,0,0.002505779266357422,5,0.7,3,1.2,0.08,2.0,0.1
4990,temporal_agglomerative,temporal_relation,18,3,3,0,0.0026826858520507812,5,0.7,3,1.2,0.08,2.0,0.1
5000,temporal_agglomerative,temporal_relation,17,3,3,0,0.002727508544921875,5,0.7,3,1.2,0.08,2.0,0.1
5010,temporal_agglomerative,temporal_relation,18,3,3,0,0.002764463424682617,5,0.7,3,1.2,0.08,2.0,0.1
5020,temporal_agglomerative,temporal_relation,19,3,3,0,0.0030150413513183594,5,0.7,3,1.2,0.08,2.0,0.1
5030,temporal_agglomerative,temporal_relation,19,3,3,0,0.00304412841796875,5,0.7,3,1.2,0.08,2.0,0.1
5040,temporal_agglomerative,temporal_relation,20,3,3,0,0.003288745880126953,5,0.7,3,1.2,0.08,2.0,0.1
5050,temporal_agglomerative,temporal_relation,22,3,3,0,0.0037310123443603516,5,0.7,3,1.2,0.08,2.0,0.1
5060,temporal_agglomerative,temporal_relation,22,3,3,0,0.003852367401123047,5,0.7,3,1.2,0.08,2.0,0.1
5070,temporal_agglomerative,temporal_relation,23,3,3,0,0.004192829132080078,5,0.7,3,1.2,0.08,2.0,0.1
5080,temporal_agglomerative,temporal_relation,22,3,3,0,0.0039000511169433594,5,0.7,3,1.2,0.08,2.0,0.1
5090,temporal_agglomerative,temporal_relation,22,3,3,0,0.003955364227294922,5,0.7,3,1.2,0.08,2.0,0.1
5100,temporal_agglomerative,temporal_relation,24,3,3,0,0.004338502883911133,5,0.7,3,1.2,0.08,2.0,0.1
5110,temporal_agglomerative,temporal_relation,24,3,3,0,0.004424095153808594,5,0.7,3,1.2,0.08,2.0,0.1
5120,temporal_agglomerative,temporal_relation,27,3,3,0,0.007295846939086914,5,0.7,3,1.2,0.08,2.0,0.1
5130,temporal_agglomerative,temporal_relation,28,3,3,0,0.006036043167114258,5,0.7,3,1.2,0.08,2.0,0.1
5140,temporal_agglomerative,temporal_relation,29,3,3,0,0.008360862731933594,5,0.7,3,1.2,0.08,2.0,0.1
5150,temporal_agglomerative,temporal_relation,30,3,3,0,0.007679939270019531,5,0.7,3,1.2,0.08,2.0,0.1
5160,temporal_agglomerative,temporal_relation,29,3,3,0,0.006215572357177734,5,0.7,3,1.2,0.08,2.0,0.1
5170,temporal_agglomerative,temporal_relation,30,3,3,0,0.006501436233520508,5,0.7,3,1.2,0.08,2.0,0.1
5180,temporal_agglomerative,temporal_relation,30,3,3,0,0.006631612777709961,5,0.7,3,1.2,0.08,2.0,0.1
5190,temporal_agglomerative,temporal_relation,30,3,3,0,0.0067288875579833984,5,0.7,3,1.2,0.08,2.0,0.1
5200,temporal_agglomerative,temporal_relation,30,3,3,0,0.0066378116607666016,5,0.7,3,1.2,0.08,2.0,0.1
5210,temporal_agglomerative,temporal_relation,28,3,3,0,0.005987882614135742,5,0.7,3,1.2,0.08,2.0,0.1
5220,temporal_agglomerative,temporal_relation,27,3,3,0,0.005589723587036133,5,0.7,3,1.2,0.08,2.0,0.1
5230,temporal_agglomerative,temporal_relation,26,3,3,0,0.005284786224365234,5,0.7,3,1.2,0.08,2.0,0.1
5240,temporal_agglomerative,temporal_relation,26,3,3,0,0.0053594112396240234,5,0.7,3,1.2,0.08,2.0,0.1
5250,temporal_agglomerative,temporal_relation,26,3,3,0,0.005334377288818359,5,0.7,3,1.2,0.08,2.0,0.1
5260,temporal_agglomerative,temporal_relation,26,3,3,0,0.005499839782714844,5,0.7,3,1.2,0.08,2.0,0.1
5270,temporal_agglomerative,temporal_relation,27,3,3,0,0.007709503173828125,5,0.7,3,1.2,0.08,2.0,0.1
5280,temporal_agglomerative,temporal_relation,29,3,3,0,0.0074923038482666016,5,0.7,3,1.2,0.08,2.0,0.1
5290,temporal_agglomerative,temporal_relation,27,3,3,0,0.007590532302856445,5,0.7,3,1.2,0.08,2.0,0.1
5300,temporal_agglomerative,temporal_relation,26,3,3,0,0.005892038345336914,5,0.7,3,1.2,0.08,2.0,0.1
5310,temporal_agglomerative,temporal_relation,26,3,3,0,0.005283832550048828,5,0.7,3,1.2,0.08,2.0,0.1
5320,temporal_agglomerative,temporal_relation,26,3,3,0,0.0052068233489990234,5,0.7,3,1.2,0.08,2.0,0.1
5330,temporal_agglomerative,temporal_relation,26,3,3,0,0.005133628845214844,5,0.7,3,1.2,0.08,2.0,0.1
5340,temporal_agglomerative,temporal_relation,27,3,3,0,0.005421638488769531,5,0.7,3,1.2,0.08,2.0,0.1
5350,temporal_agglomerative,temporal_relation,27,3,3,0,0.005539894104003906,5,0.7,3,1.2,0.08,2.0,0.1
5360,temporal_agglomerative,temporal_relation,25,3,3,0,0.005306243896484375,5,0.7,3,1.2,0.08,2.0,0.1
5370,temporal_agglomerative,temporal_relation,25,3,3,0,0.004880666732788086,5,0.7,3,1.2,0.08,2.0,0.1
5380,temporal_agglomerative,temporal_relation,22,3,3,0,0.004008054733276367,5,0.7,3,1.2,0.08,2.0,0.1
5390,temporal_agglomerative,temporal_relation,20,3,3,0,0.0034694671630859375,5,0.7,3,1.2,0.08,2.0,0.1
5400,temporal_agglomerative,temporal_relation,13,3,3,0,0.0019316673278808594,5,0.7,3,1.2,0.08,2.0,0.1
