time_step,method,feature_mode,num_pedestrians,num_clusters,noise_ratio,raw_dbscan_num_clusters,raw_dbscan_noise_ratio,used_fallback,runtime_sec,eps,min_samples,window_size,momentum_alpha,position_weight,motion_weight
0,dbscan_kmeans_fallback,momentum,29,4,0.034482758620689655,4,0.034482758620689655,0,0.0009171962738037109,0.8,2,5,0.7,1.0,1.0
10,dbscan_kmeans_fallback,momentum,30,7,0.06666666666666667,7,0.06666666666666667,0,0.0006692409515380859,0.8,2,5,0.7,1.0,1.0
20,dbscan_kmeans_fallback,momentum,31,8,0.1935483870967742,8,0.1935483870967742,0,0.0006144046783447266,0.8,2,5,0.7,1.0,1.0
30,dbscan_kmeans_fallback,momentum,32,8,0.25,8,0.25,0,0.0005805492401123047,0.8,2,5,0.7,1.0,1.0
40,dbscan_kmeans_fallback,momentum,33,7,0.30303030303030304,7,0.30303030303030304,0,0.0006005764007568359,0.8,2,5,0.7,1.0,1.0
50,dbscan_kmeans_fallback,momentum,36,8,0.3055555555555556,8,0.3055555555555556,0,0.0005812644958496094,0.8,2,5,0.7,1.0,1.0
60,dbscan_kmeans_fallback,momentum,37,8,0.32432432432432434,8,0.32432432432432434,0,0.0005905628204345703,0.8,2,5,0.7,1.0,1.0
70,dbscan_kmeans_fallback,momentum,38,8,0.34210526315789475,8,0.34210526315789475,0,0.0005819797515869141,0.8,2,5,0.7,1.0,1.0
80,dbscan_kmeans_fallback,momentum,38,8,0.3157894736842105,8,0.3157894736842105,0,0.0005946159362792969,0.8,2,5,0.7,1.0,1.0
90,dbscan_kmeans_fallback,momentum,39,7,0.28205128205128205,7,0.28205128205128205,0,0.0005788803100585938,0.8,2,5,0.7,1.0,1.0
100,dbscan_kmeans_fallback,momentum,38,8,0.3157894736842105,8,0.3157894736842105,0,0.0005946159362792969,0.8,2,5,0.7,1.0,1.0
110,dbscan_kmeans_fallback,momentum,37,8,0.32432432432432434,8,0.32432432432432434,0,0.0005807876586914062,0.8,2,5,0.7,1.0,1.0
120,dbscan_kmeans_fallback,momentum,36,8,0.3333333333333333,8,0.3333333333333333,0,0.0005893707275390625,0.8,2,5,0.7,1.0,1.0
130,dbscan_kmeans_fallback,momentum,36,8,0.3333333333333333,8,0.3333333333333333,0,0.0005745887756347656,0.8,2,5,0.7,1.0,1.0
140,dbscan_kmeans_fallback,momentum,36,8,0.3333333333333333,8,0.3333333333333333,0,0.0005850791931152344,0.8,2,5,0.7,1.0,1.0
150,dbscan_kmeans_fallback,momentum,37,8,0.32432432432432434,8,0.32432432432432434,0,0.0005817413330078125,0.8,2,5,0.7,1.0,1.0
160,dbscan_kmeans_fallback,momentum,35,8,0.2857142857142857,8,0.2857142857142857,0,0.0006566047668457031,0.8,2,5,0.7,1.0,1.0
170,dbscan_kmeans_fallback,momentum,36,8,0.3055555555555556,8,0.3055555555555556,0,0.0006453990936279297,0.8,2,5,0.7,1.0,1.0
180,dbscan_kmeans_fallback,momentum,34,8,0.2647058823529412,8,0.2647058823529412,0,0.0006518363952636719,0.8,2,5,0.7,1.0,1.0
190,dbscan_kmeans_fallback,momentum,37,8,0.1891891891891892,8,0.1891891891891892,0,0.0005993843078613281,0.8,2,5,0.7,1.0,1.0
200,dbscan_kmeans_fallback,momentum,37,6,0.21621621621621623,6,0.21621621621621623,0,0.0005774497985839844,0.8,2,5,0.7,1.0,1.0
210,dbscan_kmeans_fallback,momentum,37,8,0.24324324324324326,8,0.24324324324324326,0,0.0006358623504638672,0.8,2,5,0.7,1.0,1.0
220,dbscan_kmeans_fallback,momentum,37,6,0.35135135135135137,6,0.35135135135135137,0,0.0006322860717773438,0.8,2,5,0.7,1.0,1.0
230,dbscan_kmeans_fallback,momentum,36,7,0.3055555555555556,7,0.3055555555555556,0,0.0006632804870605469,0.8,2,5,0.7,1.0,1.0
240,dbscan_kmeans_fallback,momentum,37,9,0.2702702702702703,9,0.2702702702702703,0,0.0005939006805419922,0.8,2,5,0.7,1.0,1.0
250,dbscan_kmeans_fallback,momentum,36,8,0.3055555555555556,8,0.3055555555555556,0,0.0005741119384765625,0.8,2,5,0.7,1.0,1.0
260,dbscan_kmeans_fallback,momentum,37,8,0.32432432432432434,8,0.32432432432432434,0,0.0005865097045898438,0.8,2,5,0.7,1.0,1.0
270,dbscan_kmeans_fallback,momentum,36,8,0.3333333333333333,8,0.3333333333333333,0,0.0006344318389892578,0.8,2,5,0.7,1.0,1.0
280,dbscan_kmeans_fallback,momentum,35,8,0.34285714285714286,8,0.34285714285714286,0,0.0005717277526855469,0.8,2,5,0.7,1.0,1.0
290,dbscan_kmeans_fallback,momentum,35,9,0.34285714285714286,9,0.34285714285714286,0,0.0005898475646972656,0.8,2,5,0.7,1.0,1.0
300,dbscan_kmeans_fallback,momentum,35,9,0.34285714285714286,9,0.34285714285714286,0,0.0005750656127929688,0.8,2,5,0.7,1.0,1.0
310,dbscan_kmeans_fallback,momentum,32,7,0.40625,7,0.40625,0,0.0005967617034912109,0.8,2,5,0.7,1.0,1.0
320,dbscan_kmeans_fallback,momentum,33,9,0.30303030303030304,9,0.30303030303030304,0,0.0005784034729003906,0.8,2,5,0.7,1.0,1.0
330,dbscan_kmeans_fallback,momentum,35,7,0.34285714285714286,7,0.34285714285714286,0,0.0007753372192382812,0.8,2,5,0.7,1.0,1.0
340,dbscan_kmeans_fallback,momentum,36,8,0.3333333333333333,8,0.3333333333333333,0,0.0006351470947265625,0.8,2,5,0.7,1.0,1.0
350,dbscan_kmeans_fallback,momentum,36,8,0.3888888888888889,8,0.3888888888888889,0,0.0006530284881591797,0.8,2,5,0.7,1.0,1.0
360,dbscan_kmeans_fallback,momentum,36,9,0.4166666666666667,9,0.4166666666666667,0,0.0006594657897949219,0.8,2,5,0.7,1.0,1.0
370,dbscan_kmeans_fallback,momentum,36,10,0.3888888888888889,10,0.3888888888888889,0,0.0005862712860107422,0.8,2,5,0.7,1.0,1.0
380,dbscan_kmeans_fallback,momentum,36,9,0.4444444444444444,9,0.4444444444444444,0,0.0005738735198974609,0.8,2,5,0.7,1.0,1.0
390,dbscan_kmeans_fallback,momentum,36,9,0.3888888888888889,9,0.3888888888888889,0,0.000637054443359375,0.8,2,5,0.7,1.0,1.0
400,dbscan_kmeans_fallback,momentum,37,9,0.4594594594594595,9,0.4594594594594595,0,0.0005769729614257812,0.8,2,5,0.7,1.0,1.0
410,dbscan_kmeans_fallback,momentum,37,10,0.40540540540540543,10,0.40540540540540543,0,0.0005819797515869141,0.8,2,5,0.7,1.0,1.0
420,dbscan_kmeans_fallback,momentum,37,10,0.3783783783783784,10,0.3783783783783784,0,0.0005724430084228516,0.8,2,5,0.7,1.0,1.0
430,dbscan_kmeans_fallback,momentum,37,11,0.2972972972972973,11,0.2972972972972973,0,0.0005884170532226562,0.8,2,5,0.7,1.0,1.0
440,dbscan_kmeans_fallback,momentum,37,10,0.2702702702702703,10,0.2702702702702703,0,0.0005893707275390625,0.8,2,5,0.7,1.0,1.0
450,dbscan_kmeans_fallback,momentum,37,10,0.2702702702702703,10,0.2702702702702703,0,0.0006356239318847656,0.8,2,5,0.7,1.0,1.0
460,dbscan_kmeans_fallback,momentum,38,10,0.3157894736842105,10,0.3157894736842105,0,0.0005788803100585938,0.8,2,5,0.7,1.0,1.0
470,dbscan_kmeans_fallback,momentum,36,10,0.2777777777777778,10,0.2777777777777778,0,0.0005815029144287109,0.8,2,5,0.7,1.0,1.0
480,dbscan_kmeans_fallback,momentum,36,11,0.2777777777777778,11,0.2777777777777778,0,0.000583648681640625,0.8,2,5,0.7,1.0,1.0
490,dbscan_kmeans_fallback,momentum,36,10,0.2777777777777778,10,0.2777777777777778,0,0.0005826950073242188,0.8,2,5,0.7,1.0,1.0
500,dbscan_kmeans_fallback,momentum,37,9,0.2702702702702703,9,0.2702702702702703,0,0.0005779266357421875,0.8,2,5,0.7,1.0,1.0
510,dbscan_kmeans_fallback,momentum,36,10,0.25,10,0.25,0,0.0006401538848876953,0.8,2,5,0.7,1.0,1.0
520,dbscan_kmeans_fallback,momentum,36,10,0.19444444444444445,10,0.19444444444444445,0,0.000579833984375,0.8,2,5,0.7,1.0,1.0
530,dbscan_kmeans_fallback,momentum,36,8,0.2777777777777778,8,0.2777777777777778,0,0.0005781650543212891,0.8,2,5,0.7,1.0,1.0
540,dbscan_kmeans_fallback,momentum,37,7,0.2702702702702703,7,0.2702702702702703,0,0.0005884170532226562,0.8,2,5,0.7,1.0,1.0
550,dbscan_kmeans_fallback,momentum,38,9,0.2894736842105263,9,0.2894736842105263,0,0.0005846023559570312,0.8,2,5,0.7,1.0,1.0
560,dbscan_kmeans_fallback,momentum,38,9,0.3157894736842105,9,0.3157894736842105,0,0.0005807876586914062,0.8,2,5,0.7,1.0,1.0
570,dbscan_kmeans_fallback,momentum,39,10,0.3333333333333333,10,0.3333333333333333,0,0.0006270408630371094,0.8,2,5,0.7,1.0,1.0
580,dbscan_kmeans_fallback,momentum,39,10,0.3333333333333333,10,0.3333333333333333,0,0.0005815029144287109,0.8,2,5,0.7,1.0,1.0
590,dbscan_kmeans_fallback,momentum,38,10,0.34210526315789475,10,0.34210526315789475,0,0.0005934238433837891,0.8,2,5,0.7,1.0,1.0
600,dbscan_kmeans_fallback,momentum,37,9,0.40540540540540543,9,0.40540540540540543,0,0.0005724430084228516,0.8,2,5,0.7,1.0,1.0
610,dbscan_kmeans_fallback,momentum,34,10,0.29411764705882354,10,0.29411764705882354,0,0.0005884170532226562,0.8,2,5,0.7,1.0,1.0
620,dbscan_kmeans_fallback,momentum,35,10,0.3142857142857143,10,0.3142857142857143,0,0.0005888938903808594,0.8,2,5,0.7,1.0,1.0
630,dbscan_kmeans_fallback,momentum,38,11,0.3157894736842105,11,0.3157894736842105,0,0.0006351470947265625,0.8,2,5,0.7,1.0,1.0
640,dbscan_kmeans_fallback,momentum,37,10,0.3783783783783784,10,0.3783783783783784,0,0.0005919933319091797,0.8,2,5,0.7,1.0,1.0
650,dbscan_kmeans_fallback,momentum,35,10,0.34285714285714286,10,0.34285714285714286,0,0.0005824565887451172,0.8,2,5,0.7,1.0,1.0
660,dbscan_kmeans_fallback,momentum,35,10,0.3142857142857143,10,0.3142857142857143,0,0.0005886554718017578,0.8,2,5,0.7,1.0,1.0
670,dbscan_kmeans_fallback,momentum,36,12,0.25,12,0.25,0,0.0005764961242675781,0.8,2,5,0.7,1.0,1.0
680,dbscan_kmeans_fallback,momentum,35,9,0.34285714285714286,9,0.34285714285714286,0,0.0005867481231689453,0.8,2,5,0.7,1.0,1.0
690,dbscan_kmeans_fallback,momentum,35,11,0.2571428571428571,11,0.2571428571428571,0,0.0006313323974609375,0.8,2,5,0.7,1.0,1.0
700,dbscan_kmeans_fallback,momentum,35,11,0.22857142857142856,11,0.22857142857142856,0,0.0005676746368408203,0.8,2,5,0.7,1.0,1.0
710,dbscan_kmeans_fallback,momentum,35,10,0.2571428571428571,10,0.2571428571428571,0,0.0005910396575927734,0.8,2,5,0.7,1.0,1.0
720,dbscan_kmeans_fallback,momentum,39,12,0.23076923076923078,12,0.23076923076923078,0,0.0005750656127929688,0.8,2,5,0.7,1.0,1.0
730,dbscan_kmeans_fallback,momentum,38,11,0.2894736842105263,11,0.2894736842105263,0,0.0005924701690673828,0.8,2,5,0.7,1.0,1.0
740,dbscan_kmeans_fallback,momentum,38,11,0.2894736842105263,11,0.2894736842105263,0,0.000583648681640625,0.8,2,5,0.7,1.0,1.0
750,dbscan_kmeans_fallback,momentum,41,11,0.2926829268292683,11,0.2926829268292683,0,0.0006394386291503906,0.8,2,5,0.7,1.0,1.0
760,dbscan_kmeans_fallback,momentum,42,10,0.30952380952380953,10,0.30952380952380953,0,0.0005881786346435547,0.8,2,5,0.7,1.0,1.0
770,dbscan_kmeans_fallback,momentum,42,8,0.38095238095238093,8,0.38095238095238093,0,0.0006010532379150391,0.8,2,5,0.7,1.0,1.0
780,dbscan_kmeans_fallback,momentum,42,10,0.35714285714285715,10,0.35714285714285715,0,0.0005950927734375,0.8,2,5,0.7,1.0,1.0
790,dbscan_kmeans_fallback,momentum,44,9,0.3181818181818182,9,0.3181818181818182,0,0.0005865097045898438,0.8,2,5,0.7,1.0,1.0
800,dbscan_kmeans_fallback,momentum,45,10,0.3111111111111111,10,0.3111111111111111,0,0.0005936622619628906,0.8,2,5,0.7,1.0,1.0
810,dbscan_kmeans_fallback,momentum,47,10,0.2978723404255319,10,0.2978723404255319,0,0.0006322860717773438,0.8,2,5,0.7,1.0,1.0
820,dbscan_kmeans_fallback,momentum,46,10,0.2826086956521739,10,0.2826086956521739,0,0.0006651878356933594,0.8,2,5,0.7,1.0,1.0
830,dbscan_kmeans_fallback,momentum,44,8,0.38636363636363635,8,0.38636363636363635,0,0.0006453990936279297,0.8,2,5,0.7,1.0,1.0
840,dbscan_kmeans_fallback,momentum,42,8,0.35714285714285715,8,0.35714285714285715,0,0.0006597042083740234,0.8,2,5,0.7,1.0,1.0
850,dbscan_kmeans_fallback,momentum,43,9,0.32558139534883723,9,0.32558139534883723,0,0.000583648681640625,0.8,2,5,0.7,1.0,1.0
860,dbscan_kmeans_fallback,momentum,42,7,0.30952380952380953,7,0.30952380952380953,0,0.0005927085876464844,0.8,2,5,0.7,1.0,1.0
870,dbscan_kmeans_fallback,momentum,42,8,0.35714285714285715,8,0.35714285714285715,0,0.0006957054138183594,0.8,2,5,0.7,1.0,1.0
880,dbscan_kmeans_fallback,momentum,44,8,0.3181818181818182,8,0.3181818181818182,0,0.0006568431854248047,0.8,2,5,0.7,1.0,1.0
890,dbscan_kmeans_fallback,momentum,45,9,0.3333333333333333,9,0.3333333333333333,0,0.0006458759307861328,0.8,2,5,0.7,1.0,1.0
900,dbscan_kmeans_fallback,momentum,45,8,0.3111111111111111,8,0.3111111111111111,0,0.0005953311920166016,0.8,2,5,0.7,1.0,1.0
910,dbscan_kmeans_fallback,momentum,46,9,0.34782608695652173,9,0.34782608695652173,0,0.0005893707275390625,0.8,2,5,0.7,1.0,1.0
920,dbscan_kmeans_fallback,momentum,46,8,0.43478260869565216,8,0.43478260869565216,0,0.0006694793701171875,0.8,2,5,0.7,1.0,1.0
930,dbscan_kmeans_fallback,momentum,45,9,0.3333333333333333,9,0.3333333333333333,0,0.00069427490234375,0.8,2,5,0.7,1.0,1.0
940,dbscan_kmeans_fallback,momentum,48,9,0.2916666666666667,9,0.2916666666666667,0,0.0006535053253173828,0.8,2,5,0.7,1.0,1.0
950,dbscan_kmeans_fallback,momentum,49,9,0.30612244897959184,9,0.30612244897959184,0,0.0008816719055175781,0.8,2,5,0.7,1.0,1.0
960,dbscan_kmeans_fallback,momentum,48,9,0.3541666666666667,9,0.3541666666666667,0,0.0010800361633300781,0.8,2,5,0.7,1.0,1.0
970,dbscan_kmeans_fallback,momentum,50,12,0.3,12,0.3,0,0.0010218620300292969,0.8,2,5,0.7,1.0,1.0
980,dbscan_kmeans_fallback,momentum,51,13,0.27450980392156865,13,0.27450980392156865,0,0.0010499954223632812,0.8,2,5,0.7,1.0,1.0
990,dbscan_kmeans_fallback,momentum,50,11,0.32,11,0.32,0,0.0010695457458496094,0.8,2,5,0.7,1.0,1.0
1000,dbscan_kmeans_fallback,momentum,50,13,0.26,13,0.26,0,0.000972747802734375,0.8,2,5,0.7,1.0,1.0
1010,dbscan_kmeans_fallback,momentum,49,14,0.2857142857142857,14,0.2857142857142857,0,0.0006663799285888672,0.8,2,5,0.7,1.0,1.0
1020,dbscan_kmeans_fallback,momentum,49,13,0.2857142857142857,13,0.2857142857142857,0,0.0006043910980224609,0.8,2,5,0.7,1.0,1.0
1030,dbscan_kmeans_fallback,momentum,48,12,0.2708333333333333,12,0.2708333333333333,0,0.0005946159362792969,0.8,2,5,0.7,1.0,1.0
1040,dbscan_kmeans_fallback,momentum,48,12,0.2916666666666667,12,0.2916666666666667,0,0.0005950927734375,0.8,2,5,0.7,1.0,1.0
1050,dbscan_kmeans_fallback,momentum,45,13,0.24444444444444444,13,0.24444444444444444,0,0.0009748935699462891,0.8,2,5,0.7,1.0,1.0
1060,dbscan_kmeans_fallback,momentum,45,11,0.3333333333333333,11,0.3333333333333333,0,0.0006101131439208984,0.8,2,5,0.7,1.0,1.0
1070,dbscan_kmeans_fallback,momentum,45,10,0.35555555555555557,10,0.35555555555555557,0,0.0005915164947509766,0.8,2,5,0.7,1.0,1.0
1080,dbscan_kmeans_fallback,momentum,44,9,0.4090909090909091,9,0.4090909090909091,0,0.000591278076171875,0.8,2,5,0.7,1.0,1.0
1090,dbscan_kmeans_fallback,momentum,44,11,0.3181818181818182,11,0.3181818181818182,0,0.0005893707275390625,0.8,2,5,0.7,1.0,1.0
1100,dbscan_kmeans_fallback,momentum,43,10,0.27906976744186046,10,0.27906976744186046,0,0.0006105899810791016,0.8,2,5,0.7,1.0,1.0
1110,dbscan_kmeans_fallback,momentum,44,12,0.20454545454545456,12,0.20454545454545456,0,0.0006566047668457031,0.8,2,5,0.7,1.0,1.0
1120,dbscan_kmeans_fallback,momentum,45,12,0.28888888888888886,12,0.28888888888888886,0,0.0005776882171630859,0.8,2,5,0.7,1.0,1.0
1130,dbscan_kmeans_fallback,momentum,45,11,0.26666666666666666,11,0.26666666666666666,0,0.0005972385406494141,0.8,2,5,0.7,1.0,1.0
1140,dbscan_kmeans_fallback,momentum,44,11,0.25,11,0.25,0,0.0005774497985839844,0.8,2,5,0.7,1.0,1.0
1150,dbscan_kmeans_fallback,momentum,47,12,0.19148936170212766,12,0.19148936170212766,0,0.0006029605865478516,0.8,2,5,0.7,1.0,1.0
1160,dbscan_kmeans_fallback,momentum,47,13,0.1702127659574468,13,0.1702127659574468,0,0.0005893707275390625,0.8,2,5,0.7,1.0,1.0
1170,dbscan_kmeans_fallback,momentum,44,10,0.36363636363636365,10,0.36363636363636365,0,0.0006601810455322266,0.8,2,5,0.7,1.0,1.0
1180,dbscan_kmeans_fallback,momentum,43,11,0.3488372093023256,11,0.3488372093023256,0,0.0005857944488525391,0.8,2,5,0.7,1.0,1.0
1190,dbscan_kmeans_fallback,momentum,43,12,0.3023255813953488,12,0.3023255813953488,0,0.000583648681640625,0.8,2,5,0.7,1.0,1.0
1200,dbscan_kmeans_fallback,momentum,43,12,0.23255813953488372,12,0.23255813953488372,0,0.0005810260772705078,0.8,2,5,0.7,1.0,1.0
1210,dbscan_kmeans_fallback,momentum,41,9,0.3170731707317073,9,0.3170731707317073,0,0.0005922317504882812,0.8,2,5,0.7,1.0,1.0
1220,dbscan_kmeans_fallback,momentum,41,9,0.34146341463414637,9,0.34146341463414637,0,0.0005962848663330078,0.8,2,5,0.7,1.0,1.0
1230,dbscan_kmeans_fallback,momentum,40,9,0.3,9,0.3,0,0.0006263256072998047,0.8,2,5,0.7,1.0,1.0
1240,dbscan_kmeans_fallback,momentum,39,8,0.3333333333333333,8,0.3333333333333333,0,0.0005946159362792969,0.8,2,5,0.7,1.0,1.0
1250,dbscan_kmeans_fallback,momentum,39,8,0.358974358974359,8,0.358974358974359,0,0.0005819797515869141,0.8,2,5,0.7,1.0,1.0
1260,dbscan_kmeans_fallback,momentum,39,9,0.358974358974359,9,0.358974358974359,0,0.0005908012390136719,0.8,2,5,0.7,1.0,1.0
1270,dbscan_kmeans_fallback,momentum,38,10,0.2894736842105263,10,0.2894736842105263,0,0.0005824565887451172,0.8,2,5,0.7,1.0,1.0
1280,dbscan_kmeans_fallback,momentum,38,10,0.2894736842105263,10,0.2894736842105263,0,0.0005848407745361328,0.8,2,5,0.7,1.0,1.0
1290,dbscan_kmeans_fallback,momentum,38,9,0.34210526315789475,9,0.34210526315789475,0,0.0006182193756103516,0.8,2,5,0.7,1.0,1.0
1300,dbscan_kmeans_fallback,momentum,39,10,0.3076923076923077,10,0.3076923076923077,0,0.0005896091461181641,0.8,2,5,0.7,1.0,1.0
1310,dbscan_kmeans_fallback,momentum,38,10,0.3157894736842105,10,0.3157894736842105,0,0.0005776882171630859,0.8,2,5,0.7,1.0,1.0
1320,dbscan_kmeans_fallback,momentum,39,10,0.38461538461538464,10,0.38461538461538464,0,0.0006020069122314453,0.8,2,5,0.7,1.0,1.0
1330,dbscan_kmeans_fallback,momentum,37,8,0.5135135135135135,8,0.5135135135135135,0,0.0005757808685302734,0.8,2,5,0.7,1.0,1.0
1340,dbscan_kmeans_fallback,momentum,35,7,0.45714285714285713,7,0.45714285714285713,0,0.0005929470062255859,0.8,2,5,0.7,1.0,1.0
1350,dbscan_kmeans_fallback,momentum,32,7,0.40625,7,0.40625,0,0.0006318092346191406,0.8,2,5,0.7,1.0,1.0
1360,dbscan_kmeans_fallback,momentum,32,7,0.40625,7,0.40625,0,0.0005745887756347656,0.8,2,5,0.7,1.0,1.0
1370,dbscan_kmeans_fallback,momentum,31,6,0.3870967741935484,6,0.3870967741935484,0,0.0005915164947509766,0.8,2,5,0.7,1.0,1.0
1380,dbscan_kmeans_fallback,momentum,32,6,0.40625,6,0.40625,0,0.0005946159362792969,0.8,2,5,0.7,1.0,1.0
1390,dbscan_kmeans_fallback,momentum,32,8,0.28125,8,0.28125,0,0.0005717277526855469,0.8,2,5,0.7,1.0,1.0
1400,dbscan_kmeans_fallback,momentum,32,7,0.34375,7,0.34375,0,0.0005898475646972656,0.8,2,5,0.7,1.0,1.0
1410,dbscan_kmeans_fallback,momentum,32,7,0.375,7,0.375,0,0.0006234645843505859,0.8,2,5,0.7,1.0,1.0
1420,dbscan_kmeans_fallback,momentum,31,8,0.3225806451612903,8,0.3225806451612903,0,0.0005853176116943359,0.8,2,5,0.7,1.0,1.0
1430,dbscan_kmeans_fallback,momentum,29,7,0.3103448275862069,7,0.3103448275862069,0,0.0005707740783691406,0.8,2,5,0.7,1.0,1.0
1440,dbscan_kmeans_fallback,momentum,27,7,0.2962962962962963,7,0.2962962962962963,0,0.0006470680236816406,0.8,2,5,0.7,1.0,1.0
1450,dbscan_kmeans_fallback,momentum,26,6,0.3076923076923077,6,0.3076923076923077,0,0.0006279945373535156,0.8,2,5,0.7,1.0,1.0
1460,dbscan_kmeans_fallback,momentum,27,6,0.3333333333333333,6,0.3333333333333333,0,0.0006458759307861328,0.8,2,5,0.7,1.0,1.0
1470,dbscan_kmeans_fallback,momentum,26,6,0.34615384615384615,6,0.34615384615384615,0,0.0006899833679199219,0.8,2,5,0.7,1.0,1.0
1480,dbscan_kmeans_fallback,momentum,27,8,0.2962962962962963,8,0.2962962962962963,0,0.0006625652313232422,0.8,2,5,0.7,1.0,1.0
1490,dbscan_kmeans_fallback,momentum,29,9,0.2413793103448276,9,0.2413793103448276,0,0.0006330013275146484,0.8,2,5,0.7,1.0,1.0
1500,dbscan_kmeans_fallback,momentum,30,9,0.26666666666666666,9,0.26666666666666666,0,0.0006530284881591797,0.8,2,5,0.7,1.0,1.0
1510,dbscan_kmeans_fallback,momentum,28,8,0.35714285714285715,8,0.35714285714285715,0,0.0006325244903564453,0.8,2,5,0.7,1.0,1.0
1520,dbscan_kmeans_fallback,momentum,27,8,0.2962962962962963,8,0.2962962962962963,0,0.0006422996520996094,0.8,2,5,0.7,1.0,1.0
1530,dbscan_kmeans_fallback,momentum,30,8,0.3,8,0.3,0,0.0006885528564453125,0.8,2,5,0.7,1.0,1.0
1540,dbscan_kmeans_fallback,momentum,31,9,0.25806451612903225,9,0.25806451612903225,0,0.0006396770477294922,0.8,2,5,0.7,1.0,1.0
1550,dbscan_kmeans_fallback,momentum,31,8,0.22580645161290322,8,0.22580645161290322,0,0.0006315708160400391,0.8,2,5,0.7,1.0,1.0
1560,dbscan_kmeans_fallback,momentum,31,8,0.22580645161290322,8,0.22580645161290322,0,0.0006587505340576172,0.8,2,5,0.7,1.0,1.0
1570,dbscan_kmeans_fallback,momentum,32,7,0.1875,7,0.1875,0,0.0006458759307861328,0.8,2,5,0.7,1.0,1.0
1580,dbscan_kmeans_fallback,momentum,33,6,0.2727272727272727,6,0.2727272727272727,0,0.0006585121154785156,0.8,2,5,0.7,1.0,1.0
1590,dbscan_kmeans_fallback,momentum,32,7,0.15625,7,0.15625,0,0.0007638931274414062,0.8,2,5,0.7,1.0,1.0
1600,dbscan_kmeans_fallback,momentum,32,7,0.09375,7,0.09375,0,0.0009911060333251953,0.8,2,5,0.7,1.0,1.0
1610,dbscan_kmeans_fallback,momentum,32,8,0.0625,8,0.0625,0,0.0010137557983398438,0.8,2,5,0.7,1.0,1.0
1620,dbscan_kmeans_fallback,momentum,34,8,0.058823529411764705,8,0.058823529411764705,0,0.001026153564453125,0.8,2,5,0.7,1.0,1.0
1630,dbscan_kmeans_fallback,momentum,34,8,0.058823529411764705,8,0.058823529411764705,0,0.0009720325469970703,0.8,2,5,0.7,1.0,1.0
1640,dbscan_kmeans_fallback,momentum,35,9,0.11428571428571428,9,0.11428571428571428,0,0.0009560585021972656,0.8,2,5,0.7,1.0,1.0
1650,dbscan_kmeans_fallback,momentum,35,8,0.11428571428571428,8,0.11428571428571428,0,0.00104522705078125,0.8,2,5,0.7,1.0,1.0
1660,dbscan_kmeans_fallback,momentum,36,8,0.19444444444444445,8,0.19444444444444445,0,0.0005977153778076172,0.8,2,5,0.7,1.0,1.0
1670,dbscan_kmeans_fallback,momentum,37,9,0.10810810810810811,9,0.10810810810810811,0,0.0006077289581298828,0.8,2,5,0.7,1.0,1.0
1680,dbscan_kmeans_fallback,momentum,38,9,0.13157894736842105,9,0.13157894736842105,0,0.0006015300750732422,0.8,2,5,0.7,1.0,1.0
1690,dbscan_kmeans_fallback,momentum,40,8,0.15,8,0.15,0,0.0005896091461181641,0.8,2,5,0.7,1.0,1.0
1700,dbscan_kmeans_fallback,momentum,40,8,0.15,8,0.15,0,0.0006091594696044922,0.8,2,5,0.7,1.0,1.0
1710,dbscan_kmeans_fallback,momentum,40,8,0.175,8,0.175,0,0.0006415843963623047,0.8,2,5,0.7,1.0,1.0
1720,dbscan_kmeans_fallback,momentum,40,8,0.175,8,0.175,0,0.0005781650543212891,0.8,2,5,0.7,1.0,1.0
1730,dbscan_kmeans_fallback,momentum,43,10,0.11627906976744186,10,0.11627906976744186,0,0.0006015300750732422,0.8,2,5,0.7,1.0,1.0
1740,dbscan_kmeans_fallback,momentum,44,10,0.09090909090909091,10,0.09090909090909091,0,0.0005855560302734375,0.8,2,5,0.7,1.0,1.0
1750,dbscan_kmeans_fallback,momentum,44,11,0.13636363636363635,11,0.13636363636363635,0,0.0005984306335449219,0.8,2,5,0.7,1.0,1.0
1760,dbscan_kmeans_fallback,momentum,46,10,0.15217391304347827,10,0.15217391304347827,0,0.0005993843078613281,0.8,2,5,0.7,1.0,1.0
1770,dbscan_kmeans_fallback,momentum,47,10,0.14893617021276595,10,0.14893617021276595,0,0.0009925365447998047,0.8,2,5,0.7,1.0,1.0
1780,dbscan_kmeans_fallback,momentum,44,12,0.18181818181818182,12,0.18181818181818182,0,0.0006024837493896484,0.8,2,5,0.7,1.0,1.0
1790,dbscan_kmeans_fallback,momentum,43,10,0.23255813953488372,10,0.23255813953488372,0,0.0005936622619628906,0.8,2,5,0.7,1.0,1.0
1800,dbscan_kmeans_fallback,momentum,42,10,0.19047619047619047,10,0.19047619047619047,0,0.0006046295166015625,0.8,2,5,0.7,1.0,1.0
1810,dbscan_kmeans_fallback,momentum,42,9,0.23809523809523808,9,0.23809523809523808,0,0.0005900859832763672,0.8,2,5,0.7,1.0,1.0
1820,dbscan_kmeans_fallback,momentum,44,9,0.1590909090909091,9,0.1590909090909091,0,0.0005970001220703125,0.8,2,5,0.7,1.0,1.0
1830,dbscan_kmeans_fallback,momentum,43,9,0.18604651162790697,9,0.18604651162790697,0,0.0006532669067382812,0.8,2,5,0.7,1.0,1.0
1840,dbscan_kmeans_fallback,momentum,43,8,0.23255813953488372,8,0.23255813953488372,0,0.0005803108215332031,0.8,2,5,0.7,1.0,1.0
1850,dbscan_kmeans_fallback,momentum,45,9,0.17777777777777778,9,0.17777777777777778,0,0.0006017684936523438,0.8,2,5,0.7,1.0,1.0
1860,dbscan_kmeans_fallback,momentum,43,8,0.18604651162790697,8,0.18604651162790697,0,0.0005850791931152344,0.8,2,5,0.7,1.0,1.0
1870,dbscan_kmeans_fallback,momentum,44,8,0.20454545454545456,8,0.20454545454545456,0,0.0005924701690673828,0.8,2,5,0.7,1.0,1.0
1880,dbscan_kmeans_fallback,momentum,44,10,0.22727272727272727,10,0.22727272727272727,0,0.0005891323089599609,0.8,2,5,0.7,1.0,1.0
1890,dbscan_kmeans_fallback,momentum,44,9,0.2727272727272727,9,0.2727272727272727,0,0.0006482601165771484,0.8,2,5,0.7,1.0,1.0
1900,dbscan_kmeans_fallback,momentum,44,9,0.29545454545454547,9,0.29545454545454547,0,0.0005893707275390625,0.8,2,5,0.7,1.0,1.0
1910,dbscan_kmeans_fallback,momentum,46,10,0.2391304347826087,10,0.2391304347826087,0,0.0006034374237060547,0.8,2,5,0.7,1.0,1.0
1920,dbscan_kmeans_fallback,momentum,46,9,0.2391304347826087,9,0.2391304347826087,0,0.0005872249603271484,0.8,2,5,0.7,1.0,1.0
1930,dbscan_kmeans_fallback,momentum,46,8,0.2608695652173913,8,0.2608695652173913,0,0.0006034374237060547,0.8,2,5,0.7,1.0,1.0
1940,dbscan_kmeans_fallback,momentum,44,7,0.22727272727272727,7,0.22727272727272727,0,0.0005881786346435547,0.8,2,5,0.7,1.0,1.0
1950,dbscan_kmeans_fallback,momentum,42,8,0.19047619047619047,8,0.19047619047619047,0,0.0006287097930908203,0.8,2,5,0.7,1.0,1.0
1960,dbscan_kmeans_fallback,momentum,42,8,0.21428571428571427,8,0.21428571428571427,0,0.0005979537963867188,0.8,2,5,0.7,1.0,1.0
1970,dbscan_kmeans_fallback,momentum,42,9,0.14285714285714285,9,0.14285714285714285,0,0.0006000995635986328,0.8,2,5,0.7,1.0,1.0
1980,dbscan_kmeans_fallback,momentum,43,7,0.18604651162790697,7,0.18604651162790697,0,0.0005764961242675781,0.8,2,5,0.7,1.0,1.0
1990,dbscan_kmeans_fallback,momentum,42,6,0.21428571428571427,6,0.21428571428571427,0,0.0006017684936523438,0.8,2,5,0.7,1.0,1.0
2000,dbscan_kmeans_fallback,momentum,41,6,0.1951219512195122,6,0.1951219512195122,0,0.0005855560302734375,0.8,2,5,0.7,1.0,1.0
2010,dbscan_kmeans_fallback,momentum,47,8,0.14893617021276595,8,0.14893617021276595,0,0.0006453990936279297,0.8,2,5,0.7,1.0,1.0
2020,dbscan_kmeans_fallback,momentum,47,8,0.1702127659574468,8,0.1702127659574468,0,0.0005838871002197266,0.8,2,5,0.7,1.0,1.0
2030,dbscan_kmeans_fallback,momentum,47,8,0.10638297872340426,8,0.10638297872340426,0,0.0005991458892822266,0.8,2,5,0.7,1.0,1.0
2040,dbscan_kmeans_fallback,momentum,47,8,0.1276595744680851,8,0.1276595744680851,0,0.0005943775177001953,0.8,2,5,0.7,1.0,1.0
2050,dbscan_kmeans_fallback,momentum,49,9,0.12244897959183673,9,0.12244897959183673,0,0.0006034374237060547,0.8,2,5,0.7,1.0,1.0
2060,dbscan_kmeans_fallback,momentum,47,8,0.10638297872340426,8,0.10638297872340426,0,0.0006535053253173828,0.8,2,5,0.7,1.0,1.0
2070,dbscan_kmeans_fallback,momentum,47,8,0.1276595744680851,8,0.1276595744680851,0,0.000701904296875,0.8,2,5,0.7,1.0,1.0
2080,dbscan_kmeans_fallback,momentum,45,7,0.17777777777777778,7,0.17777777777777778,0,0.0006458759307861328,0.8,2,5,0.7,1.0,1.0
2090,dbscan_kmeans_fallback,momentum,43,8,0.13953488372093023,8,0.13953488372093023,0,0.0006692409515380859,0.8,2,5,0.7,1.0,1.0
2100,dbscan_kmeans_fallback,momentum,42,8,0.11904761904761904,8,0.11904761904761904,0,0.0006442070007324219,0.8,2,5,0.7,1.0,1.0
2110,dbscan_kmeans_fallback,momentum,41,8,0.14634146341463414,8,0.14634146341463414,0,0.0006351470947265625,0.8,2,5,0.7,1.0,1.0
2120,dbscan_kmeans_fallback,momentum,40,8,0.15,8,0.15,0,0.000576019287109375,0.8,2,5,0.7,1.0,1.0
2130,dbscan_kmeans_fallback,momentum,37,8,0.16216216216216217,8,0.16216216216216217,0,0.0006330013275146484,0.8,2,5,0.7,1.0,1.0
2140,dbscan_kmeans_fallback,momentum,38,9,0.10526315789473684,9,0.10526315789473684,0,0.0005774497985839844,0.8,2,5,0.7,1.0,1.0
2150,dbscan_kmeans_fallback,momentum,38,9,0.13157894736842105,9,0.13157894736842105,0,0.0005862712860107422,0.8,2,5,0.7,1.0,1.0
2160,dbscan_kmeans_fallback,momentum,34,7,0.17647058823529413,7,0.17647058823529413,0,0.0005774497985839844,0.8,2,5,0.7,1.0,1.0
2170,dbscan_kmeans_fallback,momentum,34,7,0.20588235294117646,7,0.20588235294117646,0,0.000598907470703125,0.8,2,5,0.7,1.0,1.0
2180,dbscan_kmeans_fallback,momentum,36,8,0.19444444444444445,8,0.19444444444444445,0,0.0006387233734130859,0.8,2,5,0.7,1.0,1.0
2190,dbscan_kmeans_fallback,momentum,40,10,0.15,10,0.15,0,0.0006892681121826172,0.8,2,5,0.7,1.0,1.0
2200,dbscan_kmeans_fallback,momentum,40,8,0.175,8,0.175,0,0.0006392002105712891,0.8,2,5,0.7,1.0,1.0
2210,dbscan_kmeans_fallback,momentum,38,7,0.2894736842105263,7,0.2894736842105263,0,0.0005929470062255859,0.8,2,5,0.7,1.0,1.0
2220,dbscan_kmeans_fallback,momentum,36,7,0.3055555555555556,7,0.3055555555555556,0,0.000640869140625,0.8,2,5,0.7,1.0,1.0
2230,dbscan_kmeans_fallback,momentum,35,7,0.3142857142857143,7,0.3142857142857143,0,0.0005877017974853516,0.8,2,5,0.7,1.0,1.0
2240,dbscan_kmeans_fallback,momentum,33,9,0.30303030303030304,9,0.30303030303030304,0,0.000576019287109375,0.8,2,5,0.7,1.0,1.0
2250,dbscan_kmeans_fallback,momentum,31,6,0.45161290322580644,6,0.45161290322580644,0,0.0009853839874267578,0.8,2,5,0.7,1.0,1.0
2260,dbscan_kmeans_fallback,momentum,32,8,0.34375,8,0.34375,0,0.0009405612945556641,0.8,2,5,0.7,1.0,1.0
2270,dbscan_kmeans_fallback,momentum,32,7,0.3125,7,0.3125,0,0.0008702278137207031,0.8,2,5,0.7,1.0,1.0
2280,dbscan_kmeans_fallback,momentum,32,7,0.3125,7,0.3125,0,0.0009682178497314453,0.8,2,5,0.7,1.0,1.0
2290,dbscan_kmeans_fallback,momentum,34,8,0.29411764705882354,8,0.29411764705882354,0,0.0009281635284423828,0.8,2,5,0.7,1.0,1.0
2300,dbscan_kmeans_fallback,momentum,32,8,0.28125,8,0.28125,0,0.0008769035339355469,0.8,2,5,0.7,1.0,1.0
2310,dbscan_kmeans_fallback,momentum,39,12,0.20512820512820512,12,0.20512820512820512,0,0.0006480216979980469,0.8,2,5,0.7,1.0,1.0
2320,dbscan_kmeans_fallback,momentum,41,10,0.1951219512195122,10,0.1951219512195122,0,0.0005958080291748047,0.8,2,5,0.7,1.0,1.0
2330,dbscan_kmeans_fallback,momentum,41,8,0.1951219512195122,8,0.1951219512195122,0,0.0005962848663330078,0.8,2,5,0.7,1.0,1.0
2340,dbscan_kmeans_fallback,momentum,44,8,0.25,8,0.25,0,0.0005886554718017578,0.8,2,5,0.7,1.0,1.0
2350,dbscan_kmeans_fallback,momentum,48,10,0.16666666666666666,10,0.16666666666666666,0,0.0006067752838134766,0.8,2,5,0.7,1.0,1.0
2360,dbscan_kmeans_fallback,momentum,48,11,0.16666666666666666,11,0.16666666666666666,0,0.0005831718444824219,0.8,2,5,0.7,1.0,1.0
2370,dbscan_kmeans_fallback,momentum,47,10,0.1702127659574468,10,0.1702127659574468,0,0.0006422996520996094,0.8,2,5,0.7,1.0,1.0
2380,dbscan_kmeans_fallback,momentum,47,10,0.19148936170212766,10,0.19148936170212766,0,0.0005853176116943359,0.8,2,5,0.7,1.0,1.0
2390,dbscan_kmeans_fallback,momentum,47,10,0.2127659574468085,10,0.2127659574468085,0,0.0005888938903808594,0.8,2,5,0.7,1.0,1.0
2400,dbscan_kmeans_fallback,momentum,49,10,0.22448979591836735,10,0.22448979591836735,0,0.0005939006805419922,0.8,2,5,0.7,1.0,1.0
2410,dbscan_kmeans_fallback,momentum,49,12,0.22448979591836735,12,0.22448979591836735,0,0.0006034374237060547,0.8,2,5,0.7,1.0,1.0
2420,dbscan_kmeans_fallback,momentum,49,11,0.2653061224489796,11,0.2653061224489796,0,0.0005908012390136719,0.8,2,5,0.7,1.0,1.0
2430,dbscan_kmeans_fallback,momentum,48,13,0.16666666666666666,13,0.16666666666666666,0,0.0006411075592041016,0.8,2,5,0.7,1.0,1.0
2440,dbscan_kmeans_fallback,momentum,48,12,0.20833333333333334,12,0.20833333333333334,0,0.0005867481231689453,0.8,2,5,0.7,1.0,1.0
2450,dbscan_kmeans_fallback,momentum,49,12,0.1836734693877551,12,0.1836734693877551,0,0.0005934238433837891,0.8,2,5,0.7,1.0,1.0
2460,dbscan_kmeans_fallback,momentum,48,12,0.20833333333333334,12,0.20833333333333334,0,0.0005903244018554688,0.8,2,5,0.7,1.0,1.0
2470,dbscan_kmeans_fallback,momentum,48,13,0.1875,13,0.1875,0,0.0006089210510253906,0.8,2,5,0.7,1.0,1.0
2480,dbscan_kmeans_fallback,momentum,48,13,0.1875,13,0.1875,0,0.0005960464477539062,0.8,2,5,0.7,1.0,1.0
2490,dbscan_kmeans_fallback,momentum,48,13,0.20833333333333334,13,0.20833333333333334,0,0.0010128021240234375,0.8,2,5,0.7,1.0,1.0
2500,dbscan_kmeans_fallback,momentum,49,12,0.1836734693877551,12,0.1836734693877551,0,0.0005929470062255859,0.8,2,5,0.7,1.0,1.0
2510,dbscan_kmeans_fallback,momentum,50,11,0.2,11,0.2,0,0.0006177425384521484,0.8,2,5,0.7,1.0,1.0
2520,dbscan_kmeans_fallback,momentum,52,13,0.21153846153846154,13,0.21153846153846154,0,0.0005977153778076172,0.8,2,5,0.7,1.0,1.0
2530,dbscan_kmeans_fallback,momentum,52,15,0.19230769230769232,15,0.19230769230769232,0,0.0006070137023925781,0.8,2,5,0.7,1.0,1.0
2540,dbscan_kmeans_fallback,momentum,51,15,0.19607843137254902,15,0.19607843137254902,0,0.0005970001220703125,0.8,2,5,0.7,1.0,1.0
2550,dbscan_kmeans_fallback,momentum,48,14,0.1875,14,0.1875,0,0.0006015300750732422,0.8,2,5,0.7,1.0,1.0
2560,dbscan_kmeans_fallback,momentum,45,12,0.2222222222222222,12,0.2222222222222222,0,0.0005981922149658203,0.8,2,5,0.7,1.0,1.0
2570,dbscan_kmeans_fallback,momentum,45,12,0.24444444444444444,12,0.24444444444444444,0,0.0005974769592285156,0.8,2,5,0.7,1.0,1.0
2580,dbscan_kmeans_fallback,momentum,43,11,0.2558139534883721,11,0.2558139534883721,0,0.0005815029144287109,0.8,2,5,0.7,1.0,1.0
2590,dbscan_kmeans_fallback,momentum,41,11,0.21951219512195122,11,0.21951219512195122,0,0.0005936622619628906,0.8,2,5,0.7,1.0,1.0
2600,dbscan_kmeans_fallback,momentum,41,10,0.2682926829268293,10,0.2682926829268293,0,0.0005848407745361328,0.8,2,5,0.7,1.0,1.0
2610,dbscan_kmeans_fallback,momentum,41,11,0.21951219512195122,11,0.21951219512195122,0,0.0005846023559570312,0.8,2,5,0.7,1.0,1.0
2620,dbscan_kmeans_fallback,momentum,41,11,0.17073170731707318,11,0.17073170731707318,0,0.0005822181701660156,0.8,2,5,0.7,1.0,1.0
2630,dbscan_kmeans_fallback,momentum,40,11,0.15,11,0.15,0,0.0005898475646972656,0.8,2,5,0.7,1.0,1.0
2640,dbscan_kmeans_fallback,momentum,40,10,0.225,10,0.225,0,0.0005886554718017578,0.8,2,5,0.7,1.0,1.0
2650,dbscan_kmeans_fallback,momentum,41,9,0.21951219512195122,9,0.21951219512195122,0,0.0005807876586914062,0.8,2,5,0.7,1.0,1.0
2660,dbscan_kmeans_fallback,momentum,40,9,0.2,9,0.2,0,0.0005884170532226562,0.8,2,5,0.7,1.0,1.0
2670,dbscan_kmeans_fallback,momentum,43,10,0.18604651162790697,10,0.18604651162790697,0,0.0006473064422607422,0.8,2,5,0.7,1.0,1.0
2680,dbscan_kmeans_fallback,momentum,42,11,0.19047619047619047,11,0.19047619047619047,0,0.0006537437438964844,0.8,2,5,0.7,1.0,1.0
2690,dbscan_kmeans_fallback,momentum,41,10,0.21951219512195122,10,0.21951219512195122,0,0.0006642341613769531,0.8,2,5,0.7,1.0,1.0
2700,dbscan_kmeans_fallback,momentum,39,10,0.23076923076923078,10,0.23076923076923078,0,0.0006363391876220703,0.8,2,5,0.7,1.0,1.0
2710,dbscan_kmeans_fallback,momentum,37,10,0.21621621621621623,10,0.21621621621621623,0,0.0006456375122070312,0.8,2,5,0.7,1.0,1.0
2720,dbscan_kmeans_fallback,momentum,37,8,0.2702702702702703,8,0.2702702702702703,0,0.0006420612335205078,0.8,2,5,0.7,1.0,1.0
2730,dbscan_kmeans_fallback,momentum,38,9,0.21052631578947367,9,0.21052631578947367,0,0.0006489753723144531,0.8,2,5,0.7,1.0,1.0
2740,dbscan_kmeans_fallback,momentum,38,9,0.21052631578947367,9,0.21052631578947367,0,0.0007021427154541016,0.8,2,5,0.7,1.0,1.0
2750,dbscan_kmeans_fallback,momentum,35,8,0.17142857142857143,8,0.17142857142857143,0,0.0005764961242675781,0.8,2,5,0.7,1.0,1.0
2760,dbscan_kmeans_fallback,momentum,36,8,0.19444444444444445,8,0.19444444444444445,0,0.0005776882171630859,0.8,2,5,0.7,1.0,1.0
2770,dbscan_kmeans_fallback,momentum,35,7,0.2571428571428571,7,0.2571428571428571,0,0.0005779266357421875,0.8,2,5,0.7,1.0,1.0
2780,dbscan_kmeans_fallback,momentum,35,7,0.2857142857142857,7,0.2857142857142857,0,0.0006461143493652344,0.8,2,5,0.7,1.0,1.0
2790,dbscan_kmeans_fallback,momentum,35,7,0.2857142857142857,7,0.2857142857142857,0,0.0006318092346191406,0.8,2,5,0.7,1.0,1.0
2800,dbscan_kmeans_fallback,momentum,35,7,0.22857142857142856,7,0.22857142857142856,0,0.0006909370422363281,0.8,2,5,0.7,1.0,1.0
2810,dbscan_kmeans_fallback,momentum,35,8,0.2,8,0.2,0,0.0006277561187744141,0.8,2,5,0.7,1.0,1.0
2820,dbscan_kmeans_fallback,momentum,36,9,0.16666666666666666,9,0.16666666666666666,0,0.0006539821624755859,0.8,2,5,0.7,1.0,1.0
2830,dbscan_kmeans_fallback,momentum,38,9,0.21052631578947367,9,0.21052631578947367,0,0.0006365776062011719,0.8,2,5,0.7,1.0,1.0
2840,dbscan_kmeans_fallback,momentum,37,11,0.16216216216216217,11,0.16216216216216217,0,0.0006334781646728516,0.8,2,5,0.7,1.0,1.0
2850,dbscan_kmeans_fallback,momentum,37,11,0.21621621621621623,11,0.21621621621621623,0,0.0006499290466308594,0.8,2,5,0.7,1.0,1.0
2860,dbscan_kmeans_fallback,momentum,36,11,0.2777777777777778,11,0.2777777777777778,0,0.0006210803985595703,0.8,2,5,0.7,1.0,1.0
2870,dbscan_kmeans_fallback,momentum,35,11,0.2571428571428571,11,0.2571428571428571,0,0.0005788803100585938,0.8,2,5,0.7,1.0,1.0
2880,dbscan_kmeans_fallback,momentum,34,11,0.17647058823529413,11,0.17647058823529413,0,0.0005650520324707031,0.8,2,5,0.7,1.0,1.0
2890,dbscan_kmeans_fallback,momentum,34,10,0.17647058823529413,10,0.17647058823529413,0,0.000579833984375,0.8,2,5,0.7,1.0,1.0
2900,dbscan_kmeans_fallback,momentum,37,11,0.1891891891891892,11,0.1891891891891892,0,0.0007131099700927734,0.8,2,5,0.7,1.0,1.0
2910,dbscan_kmeans_fallback,momentum,34,9,0.3235294117647059,9,0.3235294117647059,0,0.0009336471557617188,0.8,2,5,0.7,1.0,1.0
2920,dbscan_kmeans_fallback,momentum,33,9,0.2727272727272727,9,0.2727272727272727,0,0.0010364055633544922,0.8,2,5,0.7,1.0,1.0
2930,dbscan_kmeans_fallback,momentum,29,7,0.3448275862068966,7,0.3448275862068966,0,0.0009887218475341797,0.8,2,5,0.7,1.0,1.0
2940,dbscan_kmeans_fallback,momentum,29,7,0.3103448275862069,7,0.3103448275862069,0,0.0009565353393554688,0.8,2,5,0.7,1.0,1.0
2950,dbscan_kmeans_fallback,momentum,31,8,0.22580645161290322,8,0.22580645161290322,0,0.000934600830078125,0.8,2,5,0.7,1.0,1.0
2960,dbscan_kmeans_fallback,momentum,31,11,0.12903225806451613,11,0.12903225806451613,0,0.0008666515350341797,0.8,2,5,0.7,1.0,1.0
2970,dbscan_kmeans_fallback,momentum,29,12,0.13793103448275862,12,0.13793103448275862,0,0.0005939006805419922,0.8,2,5,0.7,1.0,1.0
2980,dbscan_kmeans_fallback,momentum,30,11,0.2,11,0.2,0,0.0006134510040283203,0.8,2,5,0.7,1.0,1.0
2990,dbscan_kmeans_fallback,momentum,30,11,0.23333333333333334,11,0.23333333333333334,0,0.0005786418914794922,0.8,2,5,0.7,1.0,1.0
3000,dbscan_kmeans_fallback,momentum,31,11,0.22580645161290322,11,0.22580645161290322,0,0.0005640983581542969,0.8,2,5,0.7,1.0,1.0
3010,dbscan_kmeans_fallback,momentum,30,11,0.2,11,0.2,0,0.0005776882171630859,0.8,2,5,0.7,1.0,1.0
3020,dbscan_kmeans_fallback,momentum,30,11,0.2,11,0.2,0,0.0005829334259033203,0.8,2,5,0.7,1.0,1.0
3030,dbscan_kmeans_fallback,momentum,29,9,0.3103448275862069,9,0.3103448275862069,0,0.0005667209625244141,0.8,2,5,0.7,1.0,1.0
3040,dbscan_kmeans_fallback,momentum,32,9,0.21875,9,0.21875,0,0.0006299018859863281,0.8,2,5,0.7,1.0,1.0
3050,dbscan_kmeans_fallback,momentum,31,9,0.1935483870967742,9,0.1935483870967742,0,0.0005719661712646484,0.8,2,5,0.7,1.0,1.0
3060,dbscan_kmeans_fallback,momentum,32,8,0.25,8,0.25,0,0.0005815029144287109,0.8,2,5,0.7,1.0,1.0
3070,dbscan_kmeans_fallback,momentum,31,8,0.3225806451612903,8,0.3225806451612903,0,0.0005657672882080078,0.8,2,5,0.7,1.0,1.0
3080,dbscan_kmeans_fallback,momentum,30,8,0.3333333333333333,8,0.3333333333333333,0,0.0005748271942138672,0.8,2,5,0.7,1.0,1.0
3090,dbscan_kmeans_fallback,momentum,29,8,0.27586206896551724,8,0.27586206896551724,0,0.0005850791931152344,0.8,2,5,0.7,1.0,1.0
3100,dbscan_kmeans_fallback,momentum,30,9,0.2,9,0.2,0,0.0006301403045654297,0.8,2,5,0.7,1.0,1.0
3110,dbscan_kmeans_fallback,momentum,29,8,0.1724137931034483,8,0.1724137931034483,0,0.0005674362182617188,0.8,2,5,0.7,1.0,1.0
3120,dbscan_kmeans_fallback,momentum,31,9,0.12903225806451613,9,0.12903225806451613,0,0.0005717277526855469,0.8,2,5,0.7,1.0,1.0
3130,dbscan_kmeans_fallback,momentum,32,7,0.15625,7,0.15625,0,0.0005862712860107422,0.8,2,5,0.7,1.0,1.0
3140,dbscan_kmeans_fallback,momentum,33,8,0.12121212121212122,8,0.12121212121212122,0,0.0005705356597900391,0.8,2,5,0.7,1.0,1.0
3150,dbscan_kmeans_fallback,momentum,33,7,0.15151515151515152,7,0.15151515151515152,0,0.0005822181701660156,0.8,2,5,0.7,1.0,1.0
3160,dbscan_kmeans_fallback,momentum,33,9,0.12121212121212122,9,0.12121212121212122,0,0.0006108283996582031,0.8,2,5,0.7,1.0,1.0
3170,dbscan_kmeans_fallback,momentum,33,9,0.12121212121212122,9,0.12121212121212122,0,0.0005815029144287109,0.8,2,5,0.7,1.0,1.0
3180,dbscan_kmeans_fallback,momentum,32,8,0.125,8,0.125,0,0.0005753040313720703,0.8,2,5,0.7,1.0,1.0
3190,dbscan_kmeans_fallback,momentum,31,8,0.12903225806451613,8,0.12903225806451613,0,0.0005779266357421875,0.8,2,5,0.7,1.0,1.0
3200,dbscan_kmeans_fallback,momentum,32,7,0.15625,7,0.15625,0,0.0005807876586914062,0.8,2,5,0.7,1.0,1.0
3210,dbscan_kmeans_fallback,momentum,31,6,0.1935483870967742,6,0.1935483870967742,0,0.0005717277526855469,0.8,2,5,0.7,1.0,1.0
3220,dbscan_kmeans_fallback,momentum,30,6,0.2,6,0.2,0,0.0009813308715820312,0.8,2,5,0.7,1.0,1.0
3230,dbscan_kmeans_fallback,momentum,32,5,0.1875,5,0.1875,0,0.0005810260772705078,0.8,2,5,0.7,1.0,1.0
3240,dbscan_kmeans_fallback,momentum,33,6,0.24242424242424243,6,0.24242424242424243,0,0.0005826950073242188,0.8,2,5,0.7,1.0,1.0
3250,dbscan_kmeans_fallback,momentum,34,6,0.2647058823529412,6,0.2647058823529412,0,0.0005726814270019531,0.8,2,5,0.7,1.0,1.0
3260,dbscan_kmeans_fallback,momentum,34,6,0.3235294117647059,6,0.3235294117647059,0,0.0005931854248046875,0.8,2,5,0.7,1.0,1.0
3270,dbscan_kmeans_fallback,momentum,34,7,0.2647058823529412,7,0.2647058823529412,0,0.0005741119384765625,0.8,2,5,0.7,1.0,1.0
3280,dbscan_kmeans_fallback,momentum,36,5,0.3055555555555556,5,0.3055555555555556,0,0.0006346702575683594,0.8,2,5,0.7,1.0,1.0
3290,dbscan_kmeans_fallback,momentum,36,7,0.2777777777777778,7,0.2777777777777778,0,0.0006022453308105469,0.8,2,5,0.7,1.0,1.0
3300,dbscan_kmeans_fallback,momentum,35,8,0.2,8,0.2,0,0.0006310939788818359,0.8,2,5,0.7,1.0,1.0
3310,dbscan_kmeans_fallback,momentum,35,8,0.2,8,0.2,0,0.0006330013275146484,0.8,2,5,0.7,1.0,1.0
3320,dbscan_kmeans_fallback,momentum,35,9,0.22857142857142856,9,0.22857142857142856,0,0.0006527900695800781,0.8,2,5,0.7,1.0,1.0
3330,dbscan_kmeans_fallback,momentum,35,9,0.22857142857142856,9,0.22857142857142856,0,0.0006284713745117188,0.8,2,5,0.7,1.0,1.0
3340,dbscan_kmeans_fallback,momentum,35,9,0.22857142857142856,9,0.22857142857142856,0,0.0007050037384033203,0.8,2,5,0.7,1.0,1.0
3350,dbscan_kmeans_fallback,momentum,35,9,0.22857142857142856,9,0.22857142857142856,0,0.0006308555603027344,0.8,2,5,0.7,1.0,1.0
3360,dbscan_kmeans_fallback,momentum,35,9,0.22857142857142856,9,0.22857142857142856,0,0.0006299018859863281,0.8,2,5,0.7,1.0,1.0
3370,dbscan_kmeans_fallback,momentum,35,8,0.22857142857142856,8,0.22857142857142856,0,0.000629425048828125,0.8,2,5,0.7,1.0,1.0
3380,dbscan_kmeans_fallback,momentum,35,8,0.22857142857142856,8,0.22857142857142856,0,0.0005793571472167969,0.8,2,5,0.7,1.0,1.0
3390,dbscan_kmeans_fallback,momentum,35,9,0.14285714285714285,9,0.14285714285714285,0,0.0006597042083740234,0.8,2,5,0.7,1.0,1.0
3400,dbscan_kmeans_fallback,momentum,35,9,0.17142857142857143,9,0.17142857142857143,0,0.0006825923919677734,0.8,2,5,0.7,1.0,1.0
3410,dbscan_kmeans_fallback,momentum,35,9,0.2,9,0.2,0,0.0006403923034667969,0.8,2,5,0.7,1.0,1.0
3420,dbscan_kmeans_fallback,momentum,35,9,0.2,9,0.2,0,0.0006341934204101562,0.8,2,5,0.7,1.0,1.0
3430,dbscan_kmeans_fallback,momentum,37,9,0.2702702702702703,9,0.2702702702702703,0,0.0006422996520996094,0.8,2,5,0.7,1.0,1.0
3440,dbscan_kmeans_fallback,momentum,37,10,0.2972972972972973,10,0.2972972972972973,0,0.000644683837890625,0.8,2,5,0.7,1.0,1.0
3450,dbscan_kmeans_fallback,momentum,34,10,0.2647058823529412,10,0.2647058823529412,0,0.0006451606750488281,0.8,2,5,0.7,1.0,1.0
3460,dbscan_kmeans_fallback,momentum,34,8,0.29411764705882354,8,0.29411764705882354,0,0.0006895065307617188,0.8,2,5,0.7,1.0,1.0
3470,dbscan_kmeans_fallback,momentum,34,7,0.4411764705882353,7,0.4411764705882353,0,0.0006289482116699219,0.8,2,5,0.7,1.0,1.0
3480,dbscan_kmeans_fallback,momentum,33,7,0.3939393939393939,7,0.3939393939393939,0,0.0006351470947265625,0.8,2,5,0.7,1.0,1.0
3490,dbscan_kmeans_fallback,momentum,32,7,0.34375,7,0.34375,0,0.0006248950958251953,0.8,2,5,0.7,1.0,1.0
3500,dbscan_kmeans_fallback,momentum,31,6,0.3870967741935484,6,0.3870967741935484,0,0.0005779266357421875,0.8,2,5,0.7,1.0,1.0
3510,dbscan_kmeans_fallback,momentum,30,6,0.3333333333333333,6,0.3333333333333333,0,0.0005779266357421875,0.8,2,5,0.7,1.0,1.0
3520,dbscan_kmeans_fallback,momentum,30,6,0.4666666666666667,6,0.4666666666666667,0,0.0006327629089355469,0.8,2,5,0.7,1.0,1.0
3530,dbscan_kmeans_fallback,momentum,30,5,0.4666666666666667,5,0.4666666666666667,0,0.0005657672882080078,0.8,2,5,0.7,1.0,1.0
3540,dbscan_kmeans_fallback,momentum,28,5,0.42857142857142855,5,0.42857142857142855,0,0.0005791187286376953,0.8,2,5,0.7,1.0,1.0
3550,dbscan_kmeans_fallback,momentum,27,6,0.3333333333333333,6,0.3333333333333333,0,0.0005679130554199219,0.8,2,5,0.7,1.0,1.0
3560,dbscan_kmeans_fallback,momentum,27,6,0.2962962962962963,6,0.2962962962962963,0,0.0008265972137451172,0.8,2,5,0.7,1.0,1.0
3570,dbscan_kmeans_fallback,momentum,26,5,0.34615384615384615,5,0.34615384615384615,0,0.0009424686431884766,0.8,2,5,0.7,1.0,1.0
3580,dbscan_kmeans_fallback,momentum,26,5,0.38461538461538464,5,0.38461538461538464,0,0.0010132789611816406,0.8,2,5,0.7,1.0,1.0
3590,dbscan_kmeans_fallback,momentum,27,5,0.4444444444444444,5,0.4444444444444444,0,0.0009171962738037109,0.8,2,5,0.7,1.0,1.0
3600,dbscan_kmeans_fallback,momentum,27,7,0.37037037037037035,7,0.37037037037037035,0,0.0009539127349853516,0.8,2,5,0.7,1.0,1.0
3610,dbscan_kmeans_fallback,momentum,27,6,0.4074074074074074,6,0.4074074074074074,0,0.0008733272552490234,0.8,2,5,0.7,1.0,1.0
3620,dbscan_kmeans_fallback,momentum,28,6,0.4642857142857143,6,0.4642857142857143,0,0.0006017684936523438,0.8,2,5,0.7,1.0,1.0
3630,dbscan_kmeans_fallback,momentum,29,7,0.4827586206896552,7,0.4827586206896552,0,0.0005853176116943359,0.8,2,5,0.7,1.0,1.0
3640,dbscan_kmeans_fallback,momentum,29,5,0.4827586206896552,5,0.4827586206896552,0,0.0006124973297119141,0.8,2,5,0.7,1.0,1.0
3650,dbscan_kmeans_fallback,momentum,28,6,0.35714285714285715,6,0.35714285714285715,0,0.0005803108215332031,0.8,2,5,0.7,1.0,1.0
3660,dbscan_kmeans_fallback,momentum,27,6,0.3333333333333333,6,0.3333333333333333,0,0.0005707740783691406,0.8,2,5,0.7,1.0,1.0
3670,dbscan_kmeans_fallback,momentum,27,6,0.3333333333333333,6,0.3333333333333333,0,0.0005803108215332031,0.8,2,5,0.7,1.0,1.0
3680,dbscan_kmeans_fallback,momentum,27,7,0.2962962962962963,7,0.2962962962962963,0,0.0005688667297363281,0.8,2,5,0.7,1.0,1.0
3690,dbscan_kmeans_fallback,momentum,29,6,0.27586206896551724,6,0.27586206896551724,0,0.0005764961242675781,0.8,2,5,0.7,1.0,1.0
3700,dbscan_kmeans_fallback,momentum,30,6,0.26666666666666666,6,0.26666666666666666,0,0.0006182193756103516,0.8,2,5,0.7,1.0,1.0
3710,dbscan_kmeans_fallback,momentum,32,5,0.375,5,0.375,0,0.0005843639373779297,0.8,2,5,0.7,1.0,1.0
3720,dbscan_kmeans_fallback,momentum,35,5,0.3142857142857143,5,0.3142857142857143,0,0.0005700588226318359,0.8,2,5,0.7,1.0,1.0
3730,dbscan_kmeans_fallback,momentum,36,7,0.3055555555555556,7,0.3055555555555556,0,0.0005815029144287109,0.8,2,5,0.7,1.0,1.0
3740,dbscan_kmeans_fallback,momentum,35,8,0.37142857142857144,8,0.37142857142857144,0,0.0005927085876464844,0.8,2,5,0.7,1.0,1.0
3750,dbscan_kmeans_fallback,momentum,32,7,0.40625,7,0.40625,0,0.0005717277526855469,0.8,2,5,0.7,1.0,1.0
3760,dbscan_kmeans_fallback,momentum,32,7,0.40625,7,0.40625,0,0.0005862712860107422,0.8,2,5,0.7,1.0,1.0
3770,dbscan_kmeans_fallback,momentum,32,8,0.34375,8,0.34375,0,0.0006403923034667969,0.8,2,5,0.7,1.0,1.0
3780,dbscan_kmeans_fallback,momentum,31,8,0.2903225806451613,8,0.2903225806451613,0,0.0005805492401123047,0.8,2,5,0.7,1.0,1.0
3790,dbscan_kmeans_fallback,momentum,34,9,0.29411764705882354,9,0.29411764705882354,0,0.0005738735198974609,0.8,2,5,0.7,1.0,1.0
3800,dbscan_kmeans_fallback,momentum,34,9,0.29411764705882354,9,0.29411764705882354,0,0.0005724430084228516,0.8,2,5,0.7,1.0,1.0
3810,dbscan_kmeans_fallback,momentum,34,8,0.29411764705882354,8,0.29411764705882354,0,0.000579833984375,0.8,2,5,0.7,1.0,1.0
3820,dbscan_kmeans_fallback,momentum,34,8,0.2647058823529412,8,0.2647058823529412,0,0.0005800724029541016,0.8,2,5,0.7,1.0,1.0
3830,dbscan_kmeans_fallback,momentum,34,8,0.2647058823529412,8,0.2647058823529412,0,0.0006186962127685547,0.8,2,5,0.7,1.0,1.0
3840,dbscan_kmeans_fallback,momentum,33,8,0.24242424242424243,8,0.24242424242424243,0,0.0005679130554199219,0.8,2,5,0.7,1.0,1.0
3850,dbscan_kmeans_fallback,momentum,32,8,0.25,8,0.25,0,0.0005767345428466797,0.8,2,5,0.7,1.0,1.0
3860,dbscan_kmeans_fallback,momentum,32,7,0.25,7,0.25,0,0.0005636215209960938,0.8,2,5,0.7,1.0,1.0
3870,dbscan_kmeans_fallback,momentum,31,6,0.25806451612903225,6,0.25806451612903225,0,0.0005662441253662109,0.8,2,5,0.7,1.0,1.0
3880,dbscan_kmeans_fallback,momentum,30,5,0.3333333333333333,5,0.3333333333333333,0,0.0005788803100585938,0.8,2,5,0.7,1.0,1.0
3890,dbscan_kmeans_fallback,momentum,28,6,0.32142857142857145,6,0.32142857142857145,0,0.0006124973297119141,0.8,2,5,0.7,1.0,1.0
3900,dbscan_kmeans_fallback,momentum,30,7,0.26666666666666666,7,0.26666666666666666,0,0.0005841255187988281,0.8,2,5,0.7,1.0,1.0
3910,dbscan_kmeans_fallback,momentum,30,7,0.3,7,0.3,0,0.0005676746368408203,0.8,2,5,0.7,1.0,1.0
3920,dbscan_kmeans_fallback,momentum,30,7,0.3,7,0.3,0,0.0005998611450195312,0.8,2,5,0.7,1.0,1.0
3930,dbscan_kmeans_fallback,momentum,30,7,0.3333333333333333,7,0.3333333333333333,0,0.0005636215209960938,0.8,2,5,0.7,1.0,1.0
3940,dbscan_kmeans_fallback,momentum,30,8,0.36666666666666664,8,0.36666666666666664,0,0.0005700588226318359,0.8,2,5,0.7,1.0,1.0
3950,dbscan_kmeans_fallback,momentum,31,6,0.41935483870967744,6,0.41935483870967744,0,0.0009999275207519531,0.8,2,5,0.7,1.0,1.0
3960,dbscan_kmeans_fallback,momentum,31,6,0.3870967741935484,6,0.3870967741935484,0,0.0006208419799804688,0.8,2,5,0.7,1.0,1.0
3970,dbscan_kmeans_fallback,momentum,31,6,0.3870967741935484,6,0.3870967741935484,0,0.0006573200225830078,0.8,2,5,0.7,1.0,1.0
3980,dbscan_kmeans_fallback,momentum,30,6,0.4666666666666667,6,0.4666666666666667,0,0.0006387233734130859,0.8,2,5,0.7,1.0,1.0
3990,dbscan_kmeans_fallback,momentum,31,6,0.3870967741935484,6,0.3870967741935484,0,0.0006170272827148438,0.8,2,5,0.7,1.0,1.0
4000,dbscan_kmeans_fallback,momentum,30,8,0.36666666666666664,8,0.36666666666666664,0,0.0006420612335205078,0.8,2,5,0.7,1.0,1.0
4010,dbscan_kmeans_fallback,momentum,27,6,0.48148148148148145,6,0.48148148148148145,0,0.0006837844848632812,0.8,2,5,0.7,1.0,1.0
4020,dbscan_kmeans_fallback,momentum,27,6,0.48148148148148145,6,0.48148148148148145,0,0.0006411075592041016,0.8,2,5,0.7,1.0,1.0
4030,dbscan_kmeans_fallback,momentum,27,6,0.48148148148148145,6,0.48148148148148145,0,0.0006151199340820312,0.8,2,5,0.7,1.0,1.0
4040,dbscan_kmeans_fallback,momentum,25,5,0.56,5,0.56,0,0.0005726814270019531,0.8,2,5,0.7,1.0,1.0
4050,dbscan_kmeans_fallback,momentum,24,5,0.5416666666666666,5,0.5416666666666666,0,0.000583648681640625,0.8,2,5,0.7,1.0,1.0
4060,dbscan_kmeans_fallback,momentum,25,6,0.48,6,0.48,0,0.0006182193756103516,0.8,2,5,0.7,1.0,1.0
4070,dbscan_kmeans_fallback,momentum,25,6,0.44,6,0.44,0,0.0006825923919677734,0.8,2,5,0.7,1.0,1.0
4080,dbscan_kmeans_fallback,momentum,25,6,0.44,6,0.44,0,0.0005576610565185547,0.8,2,5,0.7,1.0,1.0
4090,dbscan_kmeans_fallback,momentum,26,5,0.46153846153846156,5,0.46153846153846156,0,0.0005671977996826172,0.8,2,5,0.7,1.0,1.0
4100,dbscan_kmeans_fallback,momentum,24,6,0.3333333333333333,6,0.3333333333333333,0,0.0005900859832763672,0.8,2,5,0.7,1.0,1.0
4110,dbscan_kmeans_fallback,momentum,21,6,0.2857142857142857,6,0.2857142857142857,0,0.0005688667297363281,0.8,2,5,0.7,1.0,1.0
4120,dbscan_kmeans_fallback,momentum,22,6,0.3181818181818182,6,0.3181818181818182,0,0.0005719661712646484,0.8,2,5,0.7,1.0,1.0
4130,dbscan_kmeans_fallback,momentum,22,6,0.3181818181818182,6,0.3181818181818182,0,0.0005981922149658203,0.8,2,5,0.7,1.0,1.0
4140,dbscan_kmeans_fallback,momentum,21,6,0.2857142857142857,6,0.2857142857142857,0,0.0005662441253662109,0.8,2,5,0.7,1.0,1.0
4150,dbscan_kmeans_fallback,momentum,21,6,0.23809523809523808,6,0.23809523809523808,0,0.0005583763122558594,0.8,2,5,0.7,1.0,1.0
4160,dbscan_kmeans_fallback,momentum,22,6,0.2727272727272727,6,0.2727272727272727,0,0.000560760498046875,0.8,2,5,0.7,1.0,1.0
4170,dbscan_kmeans_fallback,momentum,21,6,0.2857142857142857,6,0.2857142857142857,0,0.0005776882171630859,0.8,2,5,0.7,1.0,1.0
4180,dbscan_kmeans_fallback,momentum,21,6,0.3333333333333333,6,0.3333333333333333,0,0.0005536079406738281,0.8,2,5,0.7,1.0,1.0
4190,dbscan_kmeans_fallback,momentum,19,5,0.3684210526315789,5,0.3684210526315789,0,0.0006103515625,0.8,2,5,0.7,1.0,1.0
4200,dbscan_kmeans_fallback,momentum,18,5,0.3333333333333333,5,0.3333333333333333,0,0.0005609989166259766,0.8,2,5,0.7,1.0,1.0
4210,dbscan_kmeans_fallback,momentum,19,5,0.3684210526315789,5,0.3684210526315789,0,0.0005846023559570312,0.8,2,5,0.7,1.0,1.0
4220,dbscan_kmeans_fallback,momentum,19,6,0.3684210526315789,6,0.3684210526315789,0,0.0005578994750976562,0.8,2,5,0.7,1.0,1.0
4230,dbscan_kmeans_fallback,momentum,20,5,0.5,5,0.5,0,0.0005667209625244141,0.8,2,5,0.7,1.0,1.0
4240,dbscan_kmeans_fallback,momentum,20,6,0.4,6,0.4,0,0.0005702972412109375,0.8,2,5,0.7,1.0,1.0
4250,dbscan_kmeans_fallback,momentum,21,6,0.42857142857142855,6,0.42857142857142855,0,0.0006153583526611328,0.8,2,5,0.7,1.0,1.0
4260,dbscan_kmeans_fallback,momentum,21,6,0.38095238095238093,6,0.38095238095238093,0,0.0008525848388671875,0.8,2,5,0.7,1.0,1.0
4270,dbscan_kmeans_fallback,momentum,20,5,0.45,5,0.45,0,0.0009531974792480469,0.8,2,5,0.7,1.0,1.0
4280,dbscan_kmeans_fallback,momentum,21,4,0.5714285714285714,4,0.5714285714285714,0,0.0009713172912597656,0.8,2,5,0.7,1.0,1.0
4290,dbscan_kmeans_fallback,momentum,21,4,0.5714285714285714,4,0.5714285714285714,0,0.0009045600891113281,0.8,2,5,0.7,1.0,1.0
4300,dbscan_kmeans_fallback,momentum,23,5,0.5217391304347826,5,0.5217391304347826,0,0.0009491443634033203,0.8,2,5,0.7,1.0,1.0
4310,dbscan_kmeans_fallback,momentum,23,6,0.43478260869565216,6,0.43478260869565216,0,0.00101470947265625,0.8,2,5,0.7,1.0,1.0
4320,dbscan_kmeans_fallback,momentum,22,6,0.4090909090909091,6,0.4090909090909091,0,0.0006744861602783203,0.8,2,5,0.7,1.0,1.0
4330,dbscan_kmeans_fallback,momentum,22,6,0.4090909090909091,6,0.4090909090909091,0,0.0006256103515625,0.8,2,5,0.7,1.0,1.0
4340,dbscan_kmeans_fallback,momentum,21,6,0.38095238095238093,6,0.38095238095238093,0,0.0005965232849121094,0.8,2,5,0.7,1.0,1.0
4350,dbscan_kmeans_fallback,momentum,21,6,0.38095238095238093,6,0.38095238095238093,0,0.0005617141723632812,0.8,2,5,0.7,1.0,1.0
4360,dbscan_kmeans_fallback,momentum,21,7,0.3333333333333333,7,0.3333333333333333,0,0.0005774497985839844,0.8,2,5,0.7,1.0,1.0
4370,dbscan_kmeans_fallback,momentum,21,6,0.3333333333333333,6,0.3333333333333333,0,0.0005664825439453125,0.8,2,5,0.7,1.0,1.0
4380,dbscan_kmeans_fallback,momentum,20,6,0.35,6,0.35,0,0.0005643367767333984,0.8,2,5,0.7,1.0,1.0
4390,dbscan_kmeans_fallback,momentum,20,5,0.45,5,0.45,0,0.0005640983581542969,0.8,2,5,0.7,1.0,1.0
4400,dbscan_kmeans_fallback,momentum,18,4,0.5555555555555556,4,0.5555555555555556,0,0.0005686283111572266,0.8,2,5,0.7,1.0,1.0
4410,dbscan_kmeans_fallback,momentum,17,3,0.6470588235294118,3,0.6470588235294118,0,0.0005543231964111328,0.8,2,5,0.7,1.0,1.0
4420,dbscan_kmeans_fallback,momentum,19,2,0.7894736842105263,2,0.7894736842105263,0,0.0005717277526855469,0.8,2,5,0.7,1.0,1.0
4430,dbscan_kmeans_fallback,momentum,19,3,0.6842105263157895,3,0.6842105263157895,0,0.0005526542663574219,0.8,2,5,0.7,1.0,1.0
4440,dbscan_kmeans_fallback,momentum,19,3,0.6842105263157895,3,0.6842105263157895,0,0.0005815029144287109,0.8,2,5,0.7,1.0,1.0
4450,dbscan_kmeans_fallback,momentum,18,3,0.6666666666666666,3,0.6666666666666666,0,0.0005586147308349609,0.8,2,5,0.7,1.0,1.0
4460,dbscan_kmeans_fallback,momentum,17,4,0.5294117647058824,4,0.5294117647058824,0,0.0005590915679931641,0.8,2,5,0.7,1.0,1.0
4470,dbscan_kmeans_fallback,momentum,16,3,0.625,3,0.625,0,0.0005712509155273438,0.8,2,5,0.7,1.0,1.0
4480,dbscan_kmeans_fallback,momentum,15,3,0.6,3,0.6,0,0.0005631446838378906,0.8,2,5,0.7,1.0,1.0
4490,dbscan_kmeans_fallback,momentum,16,3,0.625,3,0.625,0,0.0005691051483154297,0.8,2,5,0.7,1.0,1.0
4500,dbscan_kmeans_fallback,momentum,17,3,0.5882352941176471,3,0.5882352941176471,0,0.0005631446838378906,0.8,2,5,0.7,1.0,1.0
4510,dbscan_kmeans_fallback,momentum,18,4,0.5,4,0.5,0,0.0005786418914794922,0.8,2,5,0.7,1.0,1.0
4520,dbscan_kmeans_fallback,momentum,18,4,0.5,4,0.5,0,0.0005548000335693359,0.8,2,5,0.7,1.0,1.0
4530,dbscan_kmeans_fallback,momentum,21,5,0.47619047619047616,5,0.47619047619047616,0,0.0005688667297363281,0.8,2,5,0.7,1.0,1.0
4540,dbscan_kmeans_fallback,momentum,20,5,0.45,5,0.45,0,0.000560760498046875,0.8,2,5,0.7,1.0,1.0
4550,dbscan_kmeans_fallback,momentum,19,4,0.5263157894736842,4,0.5263157894736842,0,0.0005676746368408203,0.8,2,5,0.7,1.0,1.0
4560,dbscan_kmeans_fallback,momentum,19,3,0.631578947368421,3,0.631578947368421,0,0.0006864070892333984,0.8,2,5,0.7,1.0,1.0
4570,dbscan_kmeans_fallback,momentum,21,6,0.3333333333333333,6,0.3333333333333333,0,0.0006108283996582031,0.8,2,5,0.7,1.0,1.0
4580,dbscan_kmeans_fallback,momentum,21,6,0.2857142857142857,6,0.2857142857142857,0,0.0006301403045654297,0.8,2,5,0.7,1.0,1.0
4590,dbscan_kmeans_fallback,momentum,22,7,0.3181818181818182,7,0.3181818181818182,0,0.0006151199340820312,0.8,2,5,0.7,1.0,1.0
4600,dbscan_kmeans_fallback,momentum,21,7,0.23809523809523808,7,0.23809523809523808,0,0.0006136894226074219,0.8,2,5,0.7,1.0,1.0
4610,dbscan_kmeans_fallback,momentum,22,7,0.3181818181818182,7,0.3181818181818182,0,0.0006313323974609375,0.8,2,5,0.7,1.0,1.0
4620,dbscan_kmeans_fallback,momentum,23,7,0.34782608695652173,7,0.34782608695652173,0,0.0006639957427978516,0.8,2,5,0.7,1.0,1.0
4630,dbscan_kmeans_fallback,momentum,24,8,0.2916666666666667,8,0.2916666666666667,0,0.0006306171417236328,0.8,2,5,0.7,1.0,1.0
4640,dbscan_kmeans_fallback,momentum,24,8,0.20833333333333334,8,0.20833333333333334,0,0.0005671977996826172,0.8,2,5,0.7,1.0,1.0
4650,dbscan_kmeans_fallback,momentum,24,7,0.20833333333333334,7,0.20833333333333334,0,0.0006160736083984375,0.8,2,5,0.7,1.0,1.0
4660,dbscan_kmeans_fallback,momentum,24,8,0.25,8,0.25,0,0.0006260871887207031,0.8,2,5,0.7,1.0,1.0
4670,dbscan_kmeans_fallback,momentum,23,7,0.391304347826087,7,0.391304347826087,0,0.0006258487701416016,0.8,2,5,0.7,1.0,1.0
4680,dbscan_kmeans_fallback,momentum,22,6,0.45454545454545453,6,0.45454545454545453,0,0.0006427764892578125,0.8,2,5,0.7,1.0,1.0
4690,dbscan_kmeans_fallback,momentum,21,7,0.3333333333333333,7,0.3333333333333333,0,0.0006268024444580078,0.8,2,5,0.7,1.0,1.0
4700,dbscan_kmeans_fallback,momentum,21,7,0.3333333333333333,7,0.3333333333333333,0,0.0006394386291503906,0.8,2,5,0.7,1.0,1.0
4710,dbscan_kmeans_fallback,momentum,19,6,0.3684210526315789,6,0.3684210526315789,0,0.0006165504455566406,0.8,2,5,0.7,1.0,1.0
4720,dbscan_kmeans_fallback,momentum,20,5,0.4,5,0.4,0,0.0006172657012939453,0.8,2,5,0.7,1.0,1.0
4730,dbscan_kmeans_fallback,momentum,18,4,0.4444444444444444,4,0.4444444444444444,0,0.0005750656127929688,0.8,2,5,0.7,1.0,1.0
4740,dbscan_kmeans_fallback,momentum,19,3,0.5789473684210527,3,0.5789473684210527,0,0.0005567073822021484,0.8,2,5,0.7,1.0,1.0
4750,dbscan_kmeans_fallback,momentum,17,4,0.47058823529411764,4,0.47058823529411764,0,0.0006349086761474609,0.8,2,5,0.7,1.0,1.0
4760,dbscan_kmeans_fallback,momentum,18,4,0.5,4,0.5,0,0.0009696483612060547,0.8,2,5,0.7,1.0,1.0
4770,dbscan_kmeans_fallback,momentum,19,3,0.5263157894736842,3,0.5263157894736842,0,0.0010154247283935547,0.8,2,5,0.7,1.0,1.0
4780,dbscan_kmeans_fallback,momentum,20,3,0.6,3,0.6,0,0.0009431838989257812,0.8,2,5,0.7,1.0,1.0
4790,dbscan_kmeans_fallback,momentum,20,3,0.65,3,0.65,0,0.0009577274322509766,0.8,2,5,0.7,1.0,1.0
4800,dbscan_kmeans_fallback,momentum,20,3,0.65,3,0.65,0,0.0009827613830566406,0.8,2,5,0.7,1.0,1.0
4810,dbscan_kmeans_fallback,momentum,20,3,0.6,3,0.6,0,0.0009226799011230469,0.8,2,5,0.7,1.0,1.0
4820,dbscan_kmeans_fallback,momentum,19,2,0.7894736842105263,2,0.7894736842105263,0,0.0005753040313720703,0.8,2,5,0.7,1.0,1.0
4830,dbscan_kmeans_fallback,momentum,18,2,0.7777777777777778,2,0.7777777777777778,0,0.0005609989166259766,0.8,2,5,0.7,1.0,1.0
4840,dbscan_kmeans_fallback,momentum,17,2,0.7647058823529411,2,0.7647058823529411,0,0.0005719661712646484,0.8,2,5,0.7,1.0,1.0
4850,dbscan_kmeans_fallback,momentum,17,2,0.7647058823529411,2,0.7647058823529411,0,0.0005612373352050781,0.8,2,5,0.7,1.0,1.0
4860,dbscan_kmeans_fallback,momentum,18,3,0.6666666666666666,3,0.6666666666666666,0,0.000629425048828125,0.8,2,5,0.7,1.0,1.0
4870,dbscan_kmeans_fallback,momentum,17,3,0.5294117647058824,3,0.5294117647058824,0,0.0005595684051513672,0.8,2,5,0.7,1.0,1.0
4880,dbscan_kmeans_fallback,momentum,16,3,0.5,3,0.5,0,0.0005750656127929688,0.8,2,5,0.7,1.0,1.0
4890,dbscan_kmeans_fallback,momentum,15,3,0.4666666666666667,3,0.4666666666666667,0,0.0005624294281005859,0.8,2,5,0.7,1.0,1.0
4900,dbscan_kmeans_fallback,momentum,15,3,0.4666666666666667,3,0.4666666666666667,0,0.0005676746368408203,0.8,2,5,0.7,1.0,1.0
4910,dbscan_kmeans_fallback,momentum,16,3,0.5625,3,0.5625,0,0.0005743503570556641,0.8,2,5,0.7,1.0,1.0
4920,dbscan_kmeans_fallback,momentum,17,2,0.5882352941176471,2,0.5882352941176471,0,0.0006198883056640625,0.8,2,5,0.7,1.0,1.0
4930,dbscan_kmeans_fallback,momentum,17,3,0.47058823529411764,3,0.47058823529411764,0,0.0005767345428466797,0.8,2,5,0.7,1.0,1.0
4940,dbscan_kmeans_fallback,momentum,15,2,0.4666666666666667,2,0.4666666666666667,0,0.0005543231964111328,0.8,2,5,0.7,1.0,1.0
4950,dbscan_kmeans_fallback,momentum,14,2,0.42857142857142855,2,0.42857142857142855,0,0.0005631446838378906,0.8,2,5,0.7,1.0,1.0
4960,dbscan_kmeans_fallback,momentum,14,2,0.42857142857142855,2,0.42857142857142855,0,0.0005698204040527344,0.8,2,5,0.7,1.0,1.0
4970,dbscan_kmeans_fallback,momentum,15,2,0.4666666666666667,2,0.4666666666666667,0,0.0005602836608886719,0.8,2,5,0.7,1.0,1.0
4980,dbscan_kmeans_fallback,momentum,17,2,0.4117647058823529,2,0.4117647058823529,0,0.0006377696990966797,0.8,2,5,0.7,1.0,1.0
4990,dbscan_kmeans_fallback,momentum,18,2,0.3333333333333333,2,0.3333333333333333,0,0.0005764961242675781,0.8,2,5,0.7,1.0,1.0
5000,dbscan_kmeans_fallback,momentum,17,2,0.29411764705882354,2,0.29411764705882354,0,0.0005626678466796875,0.8,2,5,0.7,1.0,1.0
5010,dbscan_kmeans_fallback,momentum,18,2,0.2777777777777778,2,0.2777777777777778,0,0.0005769729614257812,0.8,2,5,0.7,1.0,1.0
5020,dbscan_kmeans_fallback,momentum,19,2,0.3157894736842105,2,0.3157894736842105,0,0.0006299018859863281,0.8,2,5,0.7,1.0,1.0
5030,dbscan_kmeans_fallback,momentum,19,2,0.0,1,0.42105263157894735,1,0.020273447036743164,0.8,2,5,0.7,1.0,1.0
5040,dbscan_kmeans_fallback,momentum,20,2,0.35,2,0.35,0,0.0007009506225585938,0.8,2,5,0.7,1.0,1.0
5050,dbscan_kmeans_fallback,momentum,22,2,0.4090909090909091,2,0.4090909090909091,0,0.0005831718444824219,0.8,2,5,0.7,1.0,1.0
5060,dbscan_kmeans_fallback,momentum,22,3,0.45454545454545453,3,0.45454545454545453,0,0.0005834102630615234,0.8,2,5,0.7,1.0,1.0
5070,dbscan_kmeans_fallback,momentum,23,3,0.4782608695652174,3,0.4782608695652174,0,0.0005669593811035156,0.8,2,5,0.7,1.0,1.0
5080,dbscan_kmeans_fallback,momentum,22,4,0.5,4,0.5,0,0.0005791187286376953,0.8,2,5,0.7,1.0,1.0
5090,dbscan_kmeans_fallback,momentum,22,4,0.5,4,0.5,0,0.0006220340728759766,0.8,2,5,0.7,1.0,1.0
5100,dbscan_kmeans_fallback,momentum,24,6,0.3333333333333333,6,0.3333333333333333,0,0.0005688667297363281,0.8,2,5,0.7,1.0,1.0
5110,dbscan_kmeans_fallback,momentum,24,7,0.3333333333333333,7,0.3333333333333333,0,0.0005791187286376953,0.8,2,5,0.7,1.0,1.0
5120,dbscan_kmeans_fallback,momentum,27,8,0.25925925925925924,8,0.25925925925925924,0,0.0005917549133300781,0.8,2,5,0.7,1.0,1.0
5130,dbscan_kmeans_fallback,momentum,28,6,0.2857142857142857,6,0.2857142857142857,0,0.0005862712860107422,0.8,2,5,0.7,1.0,1.0
5140,dbscan_kmeans_fallback,momentum,29,8,0.20689655172413793,8,0.20689655172413793,0,0.0005731582641601562,0.8,2,5,0.7,1.0,1.0
5150,dbscan_kmeans_fallback,momentum,30,10,0.23333333333333334,10,0.23333333333333334,0,0.0006420612335205078,0.8,2,5,0.7,1.0,1.0
5160,dbscan_kmeans_fallback,momentum,29,8,0.3103448275862069,8,0.3103448275862069,0,0.0005774497985839844,0.8,2,5,0.7,1.0,1.0
5170,dbscan_kmeans_fallback,momentum,30,7,0.26666666666666666,7,0.26666666666666666,0,0.0005824565887451172,0.8,2,5,0.7,1.0,1.0
5180,dbscan_kmeans_fallback,momentum,30,7,0.3333333333333333,7,0.3333333333333333,0,0.0005702972412109375,0.8,2,5,0.7,1.0,1.0
5190,dbscan_kmeans_fallback,momentum,30,8,0.3333333333333333,8,0.3333333333333333,0,0.0005795955657958984,0.8,2,5,0.7,1.0,1.0
5200,dbscan_kmeans_fallback,momentum,30,8,0.26666666666666666,8,0.26666666666666666,0,0.0005848407745361328,0.8,2,5,0.7,1.0,1.0
5210,dbscan_kmeans_fallback,momentum,28,7,0.35714285714285715,7,0.35714285714285715,0,0.0006196498870849609,0.8,2,5,0.7,1.0,1.0
5220,dbscan_kmeans_fallback,momentum,27,9,0.25925925925925924,9,0.25925925925925924,0,0.00057220458984375,0.8,2,5,0.7,1.0,1.0
5230,dbscan_kmeans_fallback,momentum,26,8,0.2692307692307692,8,0.2692307692307692,0,0.0005819797515869141,0.8,2,5,0.7,1.0,1.0
5240,dbscan_kmeans_fallback,momentum,26,8,0.3076923076923077,8,0.3076923076923077,0,0.0005636215209960938,0.8,2,5,0.7,1.0,1.0
5250,dbscan_kmeans_fallback,momentum,26,8,0.3076923076923077,8,0.3076923076923077,0,0.0005779266357421875,0.8,2,5,0.7,1.0,1.0
5260,dbscan_kmeans_fallback,momentum,26,9,0.2692307692307692,9,0.2692307692307692,0,0.0005695819854736328,0.8,2,5,0.7,1.0,1.0
5270,dbscan_kmeans_fallback,momentum,27,8,0.37037037037037035,8,0.37037037037037035,0,0.00063323974609375,0.8,2,5,0.7,1.0,1.0
5280,dbscan_kmeans_fallback,momentum,29,9,0.3103448275862069,9,0.3103448275862069,0,0.0005640983581542969,0.8,2,5,0.7,1.0,1.0
5290,dbscan_kmeans_fallback,momentum,27,8,0.37037037037037035,8,0.37037037037037035,0,0.0005753040313720703,0.8,2,5,0.7,1.0,1.0
5300,dbscan_kmeans_fallback,momentum,26,9,0.2692307692307692,9,0.2692307692307692,0,0.0005850791931152344,0.8,2,5,0.7,1.0,1.0
5310,dbscan_kmeans_fallback,momentum,26,7,0.38461538461538464,7,0.38461538461538464,0,0.0005698204040527344,0.8,2,5,0.7,1.0,1.0
5320,dbscan_kmeans_fallback,momentum,26,7,0.4230769230769231,7,0.4230769230769231,0,0.0005726814270019531,0.8,2,5,0.7,1.0,1.0
5330,dbscan_kmeans_fallback,momentum,26,7,0.46153846153846156,7,0.46153846153846156,0,0.0006296634674072266,0.8,2,5,0.7,1.0,1.0
5340,dbscan_kmeans_fallback,momentum,27,9,0.2962962962962963,9,0.2962962962962963,0,0.0005817413330078125,0.8,2,5,0.7,1.0,1.0
5350,dbscan_kmeans_fallback,momentum,27,9,0.2962962962962963,9,0.2962962962962963,0,0.0005750656127929688,0.8,2,5,0.7,1.0,1.0
5360,dbscan_kmeans_fallback,momentum,25,10,0.2,10,0.2,0,0.0005767345428466797,0.8,2,5,0.7,1.0,1.0
5370,dbscan_kmeans_fallback,momentum,25,10,0.2,10,0.2,0,0.0005815029144287109,0.8,2,5,0.7,1.0,1.0
5380,dbscan_kmeans_fallback,momentum,22,7,0.36363636363636365,7,0.36363636363636365,0,0.0005743503570556641,0.8,2,5,0.7,1.0,1.0
5390,dbscan_kmeans_fallback,momentum,20,5,0.45,5,0.45,0,0.0006127357482910156,0.8,2,5,0.7,1.0,1.0
5400,dbscan_kmeans_fallback,momentum,13,3,0.5384615384615384,3,0.5384615384615384,0,0.000560760498046875,0.8,2,5,0.7,1.0,1.0
